Date,Open,High,Low,Close,Volume,Ex-Dividend,Split Ratio,Adj. Open,Adj. High,Adj. Low,Adj. Close,Adj. Volume
2004-08-19,100.01,104.06,95.96,100.335,44659000.0,0.0,1.0,50.159838616563455,52.19110895350058,48.12856827962632,50.32284179174976,44659000.0
2004-08-20,101.01,109.08,100.5,108.31,22834300.0,0.0,1.0,50.66138684790595,54.70888107483993,50.40559724992128,54.32268893670621,22834300.0
2004-08-23,110.76,113.48,109.05,109.4,18256100.0,0.0,1.0,55.55148210349533,56.91569329274693,54.693834627899655,54.86937650886953,18256100.0
2004-08-24,111.24,111.6,103.57,104.87,15247300.0,0.0,1.0,55.79222525453973,55.97278261782303,51.94535032014275,52.597363020888004,15247300.0
2004-08-25,104.76,108.0,103.88,106.0,9188600.0,0.0,1.0,52.54219271544033,54.167208984990026,52.100830271858925,53.164112522305025,9188600.0
2004-08-26,104.95,107.95,104.66,107.91,7094800.0,0.0,1.0,52.637486879395404,54.1421315734229,52.49203789230607,54.1220696441692,7094800.0
2004-08-27,108.1,108.62,105.69,106.15,6211700.0,0.0,1.0,54.217363808124276,54.47816888842238,53.00863257058885,53.23934475700641,6211700.0
2004-08-30,105.28,105.49,102.01,102.01,5196700.0,0.0,1.0,52.80299779573843,52.90832292432035,51.162935079248456,51.162935079248456,5196700.0
2004-08-31,102.32,103.71,102.16,102.37,4917800.0,0.0,1.0,51.31841503096462,52.0155670725307,51.23816731394982,51.343492442531755,4917800.0
2004-09-01,102.7,102.97,99.67,100.25,9138200.0,0.0,1.0,51.50900335887478,51.64442138133725,49.989312217907,50.280210192085654,9138200.0
2004-09-02,99.09,102.37,98.94,101.51,15118600.0,0.0,1.0,49.69841424372835,51.343492442531755,49.623182009026976,50.91216096357721,15118600.0
2004-09-03,100.95,101.74,99.32,100.01,5152400.0,0.0,1.0,50.6312939540254,51.027517056785975,49.813770336937125,50.159838616563455,5152400.0
2004-09-07,101.01,102.0,99.61,101.58,5847500.0,0.0,1.0,50.66138684790595,51.157919596935024,49.95921932402645,50.947269339771175,5847500.0
2004-09-08,100.74,103.03,100.5,102.3,4985600.0,0.0,1.0,50.52596882544347,51.6745142752178,50.40559724992128,51.30838406633777,4985600.0
2004-09-09,102.5,102.71,101.0,102.31,4061700.0,0.0,1.0,51.40869371260628,51.5140188411882,50.65637136559253,51.313399548651205,4061700.0
2004-09-10,101.47,106.56,101.3,105.33,8698800.0,0.0,1.0,50.8920990343235,53.44497953185683,50.806835834995276,52.82807520730555,8698800.0
2004-09-13,106.63,108.41,106.46,107.5,7844100.0,0.0,1.0,53.4800879080508,54.37284375984045,53.394824708722574,53.91643486931878,7844100.0
2004-09-14,107.44,112.0,106.79,111.49,10828900.0,0.0,1.0,53.88634197543823,56.17340191036003,53.560335625065605,55.917612312375354,10828900.0
2004-09-15,110.56,114.23,110.2,112.0,10713000.0,0.0,1.0,55.45117245722683,57.29185446625381,55.27061509394353,56.17340191036003,10713000.0
2004-09-16,112.34,115.8,111.65,113.97,9266300.0,0.0,1.0,56.34392830901648,58.07928518946153,55.997860029390154,57.16145192610475,9266300.0
2004-09-17,114.42,117.49,113.55,117.49,9472500.0,0.0,1.0,57.387148630208884,58.926901700430356,56.950801668940905,58.926901700430356,9472500.0
2004-09-20,116.95,121.6,116.77,119.36,10628700.0,0.0,1.0,58.65606565550541,60.988264931248025,58.56578697386375,59.86479689304083,10628700.0
2004-09-21,120.2,120.42,117.51,117.84,7228700.0,0.0,1.0,60.28609740736853,60.39643801826388,58.936932665057206,59.10244358140023,7228700.0
2004-09-22,117.45,119.67,116.81,118.38,7581200.0,0.0,1.0,58.90683977117666,60.02027684475701,58.58584890311746,59.37327962632518,7581200.0
2004-09-23,118.84,122.63,117.02,120.82,8535600.0,0.0,1.0,59.603991812742734,61.504859609530804,58.691174031699376,60.59705731080088,8535600.0
2004-09-24,120.97,124.1,119.76,119.83,9123400.0,0.0,1.0,60.67228954550226,62.24213550960428,60.06541618557783,60.100524561771806,9123400.0
2004-09-27,119.56,120.88,117.8,118.26,7066100.0,0.0,1.0,59.96510653930933,60.62715020468143,59.08238165214653,59.313093838564086,7066100.0
2004-09-28,121.15,127.4,120.21,126.86,16929000.0,0.0,1.0,60.76256822714391,63.897244673034535,60.291112889681955,63.62640862810958,16929000.0
2004-09-29,126.53,135.02,126.23,131.08,30516400.0,0.0,1.0,63.460897711766556,67.71904219586439,63.31043324236381,65.74294216437494,30516400.0
2004-09-30,129.899,132.3,129.0,129.6,13758000.0,0.0,1.0,65.15061370315944,66.35483100661278,64.69972184318253,65.00065078198803,13758000.0
2004-10-01,130.8,134.24,128.9,132.58,15124800.0,0.0,1.0,65.60250865959904,67.32783457541724,64.64956702004828,66.4952645113887,15124800.0
2004-10-04,135.275,136.87,134.03,135.06,13022700.0,0.0,1.0,67.84693699485672,68.64690642384801,67.22250944683532,67.73910412511809,13022700.0
2004-10-05,134.66,138.53,132.24,138.37,14973200.0,0.0,1.0,67.53848483258108,69.47947648787657,66.32473811273223,69.39922877086177,14973200.0
2004-10-06,137.67,138.45,136.0,137.08,13381400.0,0.0,1.0,69.048145008922,69.43935262936915,68.21055946258004,68.75223155242995,13381400.0
2004-10-07,136.56,139.88,136.55,138.85,14115000.0,0.0,1.0,68.49142647213183,70.15656660018894,68.48641098981841,69.63997192190615,14115000.0
2004-10-08,138.73,139.68,137.02,137.73,11069500.0,0.0,1.0,69.57978613414505,70.05625695392044,68.7221386585494,69.07823790280256,11069500.0
2004-10-11,137.01,138.86,133.85,135.26,10472100.0,0.0,1.0,68.71712317623596,69.64498740421959,67.13223076519365,67.83941377138657,10472100.0
2004-10-12,134.49,137.61,133.4,137.4,11665500.0,0.0,1.0,67.45322163325287,69.01805211504147,66.90653406108954,68.91272698645953,11665500.0
2004-10-13,143.24,143.55,140.08,140.9,19766200.0,0.0,1.0,71.84176865749974,71.99724860921592,70.25687624645744,70.66814579615829,19766200.0
2004-10-14,141.02,142.38,138.56,142.0,10442100.0,0.0,1.0,70.7283315839194,71.41043717854518,69.49452293481684,71.21984885063503,10442100.0
2004-10-15,144.95,145.5,141.95,144.11,13194700.0,0.0,1.0,72.69941613309541,72.97526766033378,71.1947714390679,72.27811561876771,13194700.0
2004-10-18,143.12,149.2,141.21,149.16,14036300.0,0.0,1.0,71.78158286973864,74.83099611630104,70.82362574787446,74.81093418704734,14036300.0
2004-10-19,150.5,152.4,147.35,147.94,18109800.0,0.0,1.0,75.48300881704628,76.43595045659704,73.9031318883174,74.19904534480949,18109800.0
2004-10-20,147.94,148.99,139.6,140.49,22722600.0,0.0,1.0,74.19904534480949,74.72567098771911,70.01613309541304,70.46251102130786,22722600.0
2004-10-21,144.13,150.13,141.62,149.38,29149800.0,0.0,1.0,72.28814658339456,75.29743597144956,71.02926052272488,74.92127479794269,29149800.0
2004-10-22,170.435,180.17,164.08,172.43,73710000.0,0.0,1.0,85.48137280885904,90.36394484097826,82.29403379867745,86.48196153038732,73710000.0
2004-10-25,176.28,194.43,172.55,187.4,65462800.0,0.0,1.0,88.41292222105595,97.51602261992232,86.54214731814842,93.99013855358456,65462800.0
2004-10-26,186.449,192.64,180.0,181.8,44569500.0,0.0,1.0,93.51316618557783,96.61825128581924,90.27868164165005,91.18146845806655,44569500.0
2004-10-27,182.509,189.52,181.77,185.97,26686200.0,0.0,1.0,91.53706615408838,95.05342080403065,91.16642201112627,93.27292458276477,26686200.0
2004-10-28,186.63,194.39,185.6,193.3,29663900.0,0.0,1.0,93.60394641545082,97.49596069066862,93.08735173716805,96.9492731185053,29663900.0
2004-10-29,198.87,199.95,190.6,190.64,42282600.0,0.0,1.0,99.74289676708302,100.28456885693292,95.59509289388055,95.61515482313425,42282600.0
2004-11-01,193.5,197.67,191.27,196.03,24425300.0,0.0,1.0,97.0495827647738,99.14103888947201,95.93113020888003,98.31849979007033,24425300.0
2004-11-02,198.73,199.25,193.34,194.87,22669900.0,0.0,1.0,99.67268001469508,99.93348509499317,96.969335047759,97.73670384171302,22669900.0
2004-11-03,198.19,201.6,190.75,191.67,27749600.0,0.0,1.0,99.40184396977013,101.11212343864806,95.67032512858192,96.13174950141702,27749600.0
2004-11-04,188.25,190.4,183.35,184.7,28790300.0,0.0,1.0,94.41645455022568,95.49478324761205,91.95886821664742,92.63595832895979,28790300.0
2004-11-05,182.0,182.3,168.55,169.35,39626500.0,0.0,1.0,91.28177810433505,91.43224257373781,84.53595439277842,84.93719297785242,39626500.0
2004-11-08,170.86,175.44,169.4,172.55,22361200.0,0.0,1.0,85.6945308071796,87.99162170672824,84.96227038941954,86.54214731814842,22361200.0
2004-11-09,174.1,175.2,165.27,168.7,22106200.0,0.0,1.0,87.3195470767293,87.87125013120604,82.89087619397502,84.61118662747978,22106200.0
2004-11-10,170.67,172.52,166.33,167.86,21266700.0,0.0,1.0,85.59923664322451,86.52710087120815,83.42251731919808,84.1898861131521,21266700.0
2004-11-11,169.32,183.75,167.57,183.02,29941000.0,0.0,1.0,84.92214653091214,92.15948750918443,84.04443712606276,91.79335730030441,29941000.0
2004-11-12,185.23,189.8,177.4,182.0,33458700.0,0.0,1.0,92.90177889157131,95.19385430880655,88.97465624015955,91.28177810433505,33458700.0
2004-11-15,180.45,188.32,178.75,184.87,23779100.0,0.0,1.0,90.50437834575416,94.45156292641964,89.65174635247192,92.72122152828803,23779100.0
2004-11-16,174.39,179.47,170.83,172.545,41792900.0,0.0,1.0,87.46499606381862,90.01286107903852,85.67948436023933,86.5396395769917,41792900.0
2004-11-17,169.02,177.5,169.0,172.5,36229500.0,0.0,1.0,84.7716820615094,89.0248110632938,84.76165109688255,86.5170699065813,36229500.0
2004-11-18,170.4,174.42,165.73,167.54,33225900.0,0.0,1.0,85.46381862076204,87.48004251075889,83.12158838039257,84.02939067912249,33225900.0
2004-11-19,169.06,169.98,166.52,169.4,17521000.0,0.0,1.0,84.7917439907631,85.25316836359819,83.51781148315315,84.96227038941954,17521000.0
2004-11-22,168.6,169.5,161.31,165.1,24711600.0,0.0,1.0,84.56103180434555,85.0124252125538,80.90474519785872,82.8056129946468,24711600.0
2004-11-23,167.915,170.83,166.5,167.52,24801700.0,0.0,1.0,84.21747126587593,85.67948436023933,83.50778051852629,84.01935971449565,24801700.0
2004-11-24,174.84,177.21,172.51,174.76,30531400.0,0.0,1.0,87.69069276792274,88.87936207620447,86.52208538889471,87.65056890941534,30531400.0
2004-11-26,175.8,180.03,175.32,179.39,12947200.0,0.0,1.0,88.17217907001155,90.29372808859033,87.93143591896714,89.97273722053112,12947200.0
2004-11-29,180.255,182.95,177.51,181.05,21311800.0,0.0,1.0,90.40657644064238,91.75824892411042,89.02982654560722,90.80530728455967,21311800.0
2004-11-30,180.7,183.0,180.25,181.98,15384600.0,0.0,1.0,90.62976540358979,91.78332633567754,90.40406869948568,91.2717471397082,15384600.0
2004-12-01,181.77,182.5,179.55,179.96,15712400.0,0.0,1.0,91.16642201112627,91.5325522200063,90.05298493754593,90.25861971239635,15712400.0
2004-12-02,179.9,181.51,178.55,179.4,12509200.0,0.0,1.0,90.2285268185158,91.03601947097722,89.55143670620343,89.97775270284455,12509200.0
2004-12-03,180.0,181.06,177.6,180.4,11726600.0,0.0,1.0,90.27868164165005,90.8103227668731,89.07496588642805,90.47930093418705,11726600.0
2004-12-06,179.13,180.7,176.02,176.29,12495400.0,0.0,1.0,89.84233468038207,90.62976540358979,88.2825196809069,88.41793770336936,12495400.0
2004-12-07,176.0,176.2,170.55,171.43,13728000.0,0.0,1.0,88.27248871628005,88.37279836254854,85.53905085546343,85.98041329904483,13728000.0
2004-12-08,170.57,173.68,168.73,169.98,15068500.0,0.0,1.0,85.54908182009027,87.10889681956544,84.62623307442007,85.25316836359819,15068500.0
2004-12-09,170.25,173.5,168.47,173.43,15292600.0,0.0,1.0,85.38858638606067,87.0186181379238,84.49583053427102,86.98350976172982,15292600.0
2004-12-10,173.43,174.88,171.29,171.65,8625700.0,0.0,1.0,86.98350976172982,87.71075469717644,85.91019654665686,86.09075390994018,8625700.0
2004-12-13,172.03,173.18,169.45,170.45,9627500.0,0.0,1.0,86.28134223785032,86.8581227038942,84.98734780098667,85.48889603232917,9627500.0
2004-12-14,171.0,178.82,169.6,178.69,22154600.0,0.0,1.0,85.76474755956754,89.68685472866589,85.06258003568804,89.62165345859137,22154600.0
2004-12-15,177.99,180.69,176.66,179.78,22919000.0,0.0,1.0,89.27056969665162,90.62474992127638,88.6035105489661,90.1683410307547,22919000.0
2004-12-16,177.22,180.49,175.95,176.47,17128400.0,0.0,1.0,88.8843775585179,90.52444027500788,88.24741130471291,88.50821638501102,17128400.0
2004-12-17,176.76,180.5,176.55,180.08,14757600.0,0.0,1.0,88.65366537210033,90.5294557573213,88.54834024351842,90.31880550015745,14757600.0
2004-12-20,182.0,188.46,181.87,185.02,19649300.0,0.0,1.0,91.28177810433505,94.5217796788076,91.21657683426052,92.7964537629894,19649300.0
2004-12-21,186.28,187.88,183.4,183.75,11021500.0,0.0,1.0,93.42840453448095,94.23088170462894,91.98394562821456,92.15948750918443,11021500.0
2004-12-22,183.9,186.85,183.01,186.3,7806100.0,0.0,1.0,92.2347197438858,93.71428702634617,91.78834181799097,93.43843549910781,7806100.0
2004-12-23,187.45,188.6,186.0,187.9,7221900.0,0.0,1.0,94.01521596515167,94.59199643119554,93.28797102970505,94.2409126692558,7221900.0
2004-12-27,189.43,193.3,189.1,191.91,12195900.0,0.0,1.0,95.00828146320983,96.9492731185053,94.8427705468668,96.25212107693922,12195900.0
2004-12-28,192.11,193.55,191.01,192.76,8283300.0,0.0,1.0,96.35243072320773,97.07466017634093,95.80072766873097,96.67843707358034,8283300.0
2004-12-29,191.97,193.52,191.78,192.9,5350800.0,0.0,1.0,96.28221397081977,97.05961372940065,96.1869198068647,96.7486538259683,5350800.0
2004-12-30,192.97,198.23,191.85,197.6,11796700.0,0.0,1.0,96.78376220216228,99.42190589902383,96.22202818305867,99.10593051327805,11796700.0
2004-12-31,199.23,199.88,192.56,192.79,15321600.0,0.0,1.0,99.92345413036632,100.24946048073895,96.57812742731186,96.69348352052062,15321600.0
2005-01-03,197.4,203.64,195.46,202.71,31656700.0,0.0,1.0,99.00562086700955,102.13528183058675,98.03261729820511,101.66884197543823,31656700.0
2005-01-04,201.33,202.93,193.48,194.5,27484200.0,0.0,1.0,100.97670541618558,101.77918258633358,97.03955180014694,97.5511309961163,27484200.0
2005-01-05,193.45,196.9,192.23,193.51,16456700.0,0.0,1.0,97.02450535320666,98.7548467513383,96.41261651096882,97.05459824708723,16456700.0
2005-01-06,195.25,195.9,187.72,188.55,20753400.0,0.0,1.0,97.92729216962317,98.25329851999581,94.15063398761414,94.56691901962843,20753400.0
2005-01-07,190.64,194.25,188.78,193.85,19306400.0,0.0,1.0,95.61515482313425,97.42574393828068,94.6822751128372,97.22512464574368,19306400.0
2005-01-10,194.5,198.1,191.83,195.06,15064100.0,0.0,1.0,97.5511309961163,99.3567046289493,96.21199721843183,97.8319980056681,15064100.0
2005-01-11,195.62,197.71,193.18,193.54,13903400.0,0.0,1.0,98.11286501521991,99.16110081872573,96.8890873307442,97.0696446940275,13903400.0
2005-01-12,194.33,195.93,190.5,195.38,16339200.0,0.0,1.0,97.46586779678809,98.26834496693608,95.5449380707463,97.9924934396977,16339200.0
2005-01-13,195.38,197.39,194.05,195.33,13685100.0,0.0,1.0,97.9924934396977,99.00060538469612,97.32543429201218,97.96741602813059,13685100.0
2005-01-14,196.0,200.01,194.13,199.97,19261300.0,0.0,1.0,98.30345334313004,100.31466175081347,97.36555815051958,100.29459982155977,19261300.0
2005-01-18,200.89,205.02,198.66,203.9,26318800.0,0.0,1.0,100.75602419439487,102.82741838983941,99.6375716385011,102.26568437073581,26318800.0
2005-01-19,204.64,205.3,196.71,197.3,22492800.0,0.0,1.0,102.63683006192925,102.96785189461531,98.65955258738323,98.9554660438753,22492800.0
2005-01-20,192.58,196.25,192.0,193.92,17985100.0,0.0,1.0,96.5881583919387,98.42884040096568,96.29726041776004,97.26023302193765,17985100.0
2005-01-21,194.44,195.36,188.12,188.28,18498200.0,0.0,1.0,97.52103810223575,97.98246247507086,94.35125328015116,94.43150099716595,18498200.0
2005-01-24,188.69,189.33,180.32,180.72,28017300.0,0.0,1.0,94.63713577201638,94.95812664007558,90.43917707567964,90.63979636821665,28017300.0
2005-01-25,182.2,182.24,176.29,177.12,21297000.0,0.0,1.0,91.38208775060355,91.40214967985725,88.41793770336936,88.83422273538365,21297000.0
2005-01-26,179.27,189.41,179.15,189.24,24591100.0,0.0,1.0,89.91255143277003,94.99825049858298,89.85236564500893,94.91298729925475,24591100.0
2005-01-27,188.76,188.86,185.2,188.08,13241500.0,0.0,1.0,94.67224414821034,94.7223989713446,92.88673244463104,94.33119135089746,13241500.0
2005-01-28,190.13,194.7,186.34,190.34,24391900.0,0.0,1.0,95.35936522514957,97.6514406423848,93.4584974283615,95.4646903537315,24391900.0
2005-01-31,193.69,196.36,191.72,195.62,19174200.0,0.0,1.0,97.14487692872888,98.48401070641336,96.15682691298414,98.11286501521991,19174200.0
2005-02-01,194.38,203.75,190.63,191.9,37640300.0,0.0,1.0,97.4909452083552,102.19045213603442,95.61013934082082,96.24710559462581,37640300.0
2005-02-02,215.55,216.8,203.66,205.96,65533000.0,0.0,1.0,108.10872126587594,108.73565655505406,102.1453127952136,103.29887372730136,65533000.0
2005-02-03,205.99,213.37,205.81,210.86,25950200.0,0.0,1.0,103.31392017424163,107.01534612154929,103.22364149259998,105.75646006087962,25950200.0
2005-02-04,206.47,207.75,202.6,204.36,29608900.0,0.0,1.0,103.55466332528603,104.19664506140442,101.61367166999055,102.49639655715336,29608900.0
2005-02-07,205.26,206.4,195.51,196.03,25894800.0,0.0,1.0,102.9477899653616,103.51955494909205,98.05769470977222,98.31849979007033,25894800.0
2005-02-08,196.96,200.02,194.53,198.64,22937000.0,0.0,1.0,98.78493964521886,100.31967723312691,97.56617744305657,99.62754067387425,22937000.0
2005-02-09,200.76,201.6,189.46,191.58,34308600.0,0.0,1.0,100.69082292432034,101.11212343864806,95.0233279101501,96.08661016059621,34308600.0
2005-02-10,191.97,192.21,185.25,187.98,37927400.0,0.0,1.0,96.28221397081977,96.40258554634198,92.91180985619818,94.28103652776319,37927400.0
2005-02-11,186.66,192.32,186.07,187.4,26205700.0,0.0,1.0,93.6189928623911,96.45775585178964,93.32307940589902,93.99013855358456,26205700.0
2005-02-14,186.08,193.08,181.0,192.99,77047200.0,0.0,1.0,93.32809488821246,96.83893250760995,90.78022987299255,96.79379316678913,77047200.0
2005-02-15,193.605,199.84,193.08,195.23,51514000.0,0.0,1.0,97.10224532906476,100.22939855148526,96.83893250760995,97.91726120499632,51514000.0
2005-02-16,194.7,199.33,194.3,198.41,33031500.0,0.0,1.0,97.6514406423848,99.97360895350059,97.4508213498478,99.51218458066548,33031500.0
2005-02-17,197.83,199.75,196.81,197.9,20807900.0,0.0,1.0,99.22128660648683,100.18425921066442,98.70970741051748,99.2563949826808,20807900.0
2005-02-18,198.51,198.84,196.66,197.95,16954800.0,0.0,1.0,99.56233940379973,99.72785032014275,98.6344751758161,99.28147239424793,16954800.0
2005-02-22,196.5,198.9,190.39,191.37,26940400.0,0.0,1.0,98.55422745880131,99.7579432140233,95.48976776529862,95.98128503201428,26940400.0
2005-02-23,193.3,194.48,188.66,193.95,31140800.0,0.0,1.0,96.9492731185053,97.54110003148945,94.6220893250761,97.27527946887793,31140800.0
2005-02-24,183.37,189.85,182.23,188.89,51576900.0,0.0,1.0,91.96889918127428,95.21893172037367,91.39713419754382,94.73744541828486,51576900.0
2005-02-25,189.15,189.92,185.51,185.87,19927000.0,0.0,1.0,94.86784795843393,95.25404009656765,93.04221239634722,93.22276975963052,19927000.0
2005-02-28,186.0,189.87,185.85,187.99,15621100.0,0.0,1.0,93.28797102970505,95.22896268500052,93.21273879500367,94.28605201007663,15621100.0
2005-03-01,189.29,189.75,185.39,186.06,18603700.0,0.0,1.0,94.93806471082188,95.16877689723943,92.98202660858611,93.3180639235856,18603700.0
2005-03-02,185.95,187.67,184.36,185.18,14556400.0,0.0,1.0,93.26289361813792,94.12555657604702,92.46543193030335,92.8767014800042,14556400.0
2005-03-03,186.13,187.75,184.31,187.005,15201900.0,0.0,1.0,93.35317229977957,94.16568043455442,92.44035451873623,93.79202700220426,15201900.0
2005-03-04,186.7,187.25,185.07,185.9,13534600.0,0.0,1.0,93.6390547916448,93.91490631888317,92.82153117455653,93.2378162065708,13534600.0
2005-03-07,187.78,189.6,187.03,188.81,17317400.0,0.0,1.0,94.1807268814947,95.09354466253805,93.80456570798782,94.69732155977748,17317400.0
2005-03-08,189.1,189.85,184.97,185.2,16076100.0,0.0,1.0,94.8427705468668,95.21893172037367,92.77137635142228,92.88673244463104,16076100.0
2005-03-09,184.21,184.65,180.16,181.35,22698000.0,0.0,1.0,92.39019969560198,92.61088091739268,90.35892935866485,90.95577175396242,22698000.0
2005-03-10,181.01,181.2,177.4,179.98,21899000.0,0.0,1.0,90.78524535530597,90.88053951926103,88.97465624015955,90.26865067702319,21899000.0
2005-03-11,180.44,180.95,177.15,177.8,16040500.0,0.0,1.0,90.49936286344075,90.75515246142541,88.84926918232392,89.17527553269655,16040500.0
2005-03-14,178.33,178.4,172.57,174.99,22270900.0,0.0,1.0,89.44109609530808,89.47620447150204,86.55217828277527,87.76592500262413,22270900.0
2005-03-15,175.25,180.0,174.21,178.61,20823300.0,0.0,1.0,87.89632754277316,90.27868164165005,87.37471738217697,89.58152960008398,20823300.0
2005-03-16,176.7,178.61,175.01,175.6,14198300.0,0.0,1.0,88.62357247821978,89.58152960008398,87.77595596725097,88.07186942374304,14198300.0
2005-03-17,177.13,179.64,175.8,179.29,16504600.0,0.0,1.0,88.83923821769707,90.09812427836674,88.17217907001155,89.92258239739687,16504600.0
2005-03-18,178.81,180.4,178.31,180.04,14165800.0,0.0,1.0,89.68183924635247,90.47930093418705,89.43106513068122,90.29874357090374,14165800.0
2005-03-21,179.27,182.17,177.25,180.88,14952400.0,0.0,1.0,89.91255143277003,91.36704130366327,88.89942400545817,90.72004408523145,14952400.0
2005-03-22,181.18,181.94,177.85,178.6,11252100.0,0.0,1.0,90.8705085546342,91.2516852104545,89.20035294426367,89.57651411777054,11252100.0
2005-03-23,177.97,180.24,177.97,178.98,9680300.0,0.0,1.0,89.26053873202477,90.39905321717225,89.26053873202477,89.76710244568069,9680300.0
2005-03-24,180.228,180.86,179.2,179.25,7402900.0,0.0,1.0,90.39303463839614,90.7100131206046,89.87744305657604,89.90252046814317,7402900.0
2005-03-28,181.68,184.8,180.95,181.42,17458500.0,0.0,1.0,91.12128267030545,92.68611315209405,90.75515246142541,90.99088013015638,17458500.0
2005-03-29,181.05,183.28,178.07,179.57,12933000.0,0.0,1.0,90.80530728455967,91.92375984045344,89.31069355515902,90.06301590217276,12933000.0
2005-03-30,180.64,181.45,179.6,180.45,12459700.0,0.0,1.0,90.59967250970924,91.00592657709667,90.07806234911304,90.50437834575416,12459700.0
2005-03-31,177.95,181.39,177.64,180.51,13523600.0,0.0,1.0,89.25050776739792,90.97583368321611,89.09502781568175,90.53447123963471,13523600.0
2005-04-01,181.76,182.95,179.99,180.04,12351600.0,0.0,1.0,91.16140652881285,91.75824892411042,90.27366615933663,90.29874357090374,12351600.0
2005-04-04,179.95,185.32,179.84,185.29,16136600.0,0.0,1.0,90.25360423008291,92.94691823239215,90.19843392463525,92.93187178545188,16136600.0
2005-04-05,187.73,190.26,187.57,188.57,17455900.0,0.0,1.0,94.15564946992757,95.4245664952241,94.07540175291277,94.57694998425526,17455900.0
2005-04-06,189.24,189.65,187.58,189.22,10494600.0,0.0,1.0,94.91298729925475,95.11862207410518,94.08041723522621,94.9029563346279,10494600.0
2005-04-07,188.78,194.62,188.64,193.76,19365000.0,0.0,1.0,94.6822751128372,97.6113167838774,94.61205836044924,97.17998530492285,19365000.0
2005-04-08,193.69,195.1,191.45,192.05,10222900.0,0.0,1.0,97.14487692872888,97.8520599349218,96.02140889052167,96.32233782932718,10222900.0
2005-04-11,193.09,194.8,192.32,193.23,10810100.0,0.0,1.0,96.84394798992338,97.70159546551906,96.45775585178964,96.91416474231131,10810100.0
2005-04-12,193.0,194.42,189.41,193.955,14624500.0,0.0,1.0,96.79880864910255,97.5110071376089,94.99825049858298,97.27778721003465,14624500.0
2005-04-13,193.47,194.32,189.73,192.93,13098400.0,0.0,1.0,97.03453631783353,97.46085231447465,95.15874593261258,96.76370027290858,13098400.0
2005-04-14,193.27,194.36,190.1,191.45,12293000.0,0.0,1.0,96.93422667156503,97.48091424372836,95.3443187782093,96.02140889052167,12293000.0
2005-04-15,190.1,190.34,184.66,185.0,23131600.0,0.0,1.0,95.3443187782093,95.4646903537315,92.6158963997061,92.78642279836255,23131600.0
2005-04-18,184.58,187.88,183.49,186.97,13087400.0,0.0,1.0,92.5757725411987,94.23088170462894,92.02908496903538,93.77447281410727,13087400.0
2005-04-19,189.33,192.0,188.03,191.4,16843100.0,0.0,1.0,94.95812664007558,96.29726041776004,94.30611393933033,95.99633147895456,16843100.0
2005-04-20,198.58,200.5,195.91,198.1,30872000.0,0.0,1.0,99.59744777999371,100.56042038417131,98.25831400230922,99.3567046289493,30872000.0
2005-04-21,200.42,205.0,199.32,204.75,35468200.0,0.0,1.0,100.5202965256639,102.81738742521256,99.96859347118715,102.69200036737693,35468200.0
2005-04-22,222.905,224.0,214.26,215.81,66343700.0,0.0,1.0,111.79760850740003,112.34680382072006,107.46172404744411,108.23912380602498,66343700.0
2005-04-25,217.82,224.74,217.52,223.53,39640300.0,0.0,1.0,109.24723575102341,112.71794951191352,109.09677128162066,112.11107615198908,39640300.0
2005-04-26,220.22,222.0,218.29,218.75,34509400.0,0.0,1.0,110.4509515062454,111.34370735803506,109.48296341975438,109.71367560617193,34509400.0
2005-04-27,217.99,220.85,216.74,219.78,20509000.0,0.0,1.0,109.33249895035163,110.76692689199118,108.70556366117351,110.2302702844547,20509000.0
2005-04-28,219.5,222.08,217.71,219.45,17348200.0,0.0,1.0,110.0898367796788,111.38383121654246,109.19206544557574,110.06475936811168,17348200.0
2005-04-29,221.91,222.25,217.82,220.0,18322000.0,0.0,1.0,111.29856801721424,111.46909441587069,109.24723575102341,110.34061089535005,18322000.0
2005-05-02,222.05,223.7,220.21,222.29,19515200.0,0.0,1.0,111.36878476960219,112.1963393513173,110.44593602393199,111.48915634512439,19515200.0
2005-05-03,221.54,228.15,221.32,226.19,35524800.0,0.0,1.0,111.1129951716175,114.42822898079143,111.00265456072215,113.44519444736014,35524800.0
2005-05-04,227.18,229.88,226.999,228.5,24142800.0,0.0,1.0,113.94172719638921,115.29590742101396,113.85094696651622,114.6037708617613,24142800.0
2005-05-05,228.62,228.62,225.88,226.98,15004100.0,0.0,1.0,114.66395664952242,114.66395664952242,113.28971449564396,113.84141755012071,15004100.0
2005-05-06,228.4,229.25,226.47,228.02,13514200.0,0.0,1.0,114.55361603862707,114.97993203526819,113.58562795213604,114.36302771071692,13514200.0
2005-05-09,228.0,228.5,225.43,226.02,11062500.0,0.0,1.0,114.35299674609006,114.6037708617613,113.06401779153984,113.35993124803191,11062500.0
2005-05-10,225.47,227.8,224.72,227.8,12678900.0,0.0,1.0,113.08407972079354,114.25268709982157,112.70791854728665,114.25268709982157,12678900.0
2005-05-11,228.9,231.98,227.93,231.29,22934600.0,0.0,1.0,114.80439015429832,116.34915870683321,114.31788836989608,116.00309042720689,22934600.0
2005-05-12,230.81,232.23,228.2,228.72,17878500.0,0.0,1.0,115.76234727616249,116.47454576466883,114.45330639235856,114.71411147265665,17878500.0
2005-05-13,229.18,231.09,227.32,229.24,14816100.0,0.0,1.0,114.94482365907422,115.90278078093839,114.01194394877716,114.97491655295477,14816100.0
2005-05-16,229.68,231.62,228.57,231.05,11351400.0,0.0,1.0,115.19559777474547,116.16860134354991,114.63887923795528,115.88271885168469,11351400.0
2005-05-17,230.56,233.45,230.2,233.13,15602100.0,0.0,1.0,115.63696021832686,117.08643460690668,115.45640285504355,116.92593917287708,15602100.0
2005-05-18,233.61,239.97,233.52,239.16,24599300.0,0.0,1.0,117.16668232392149,120.35652907525979,117.12154298310067,119.95027500787236,24599300.0
2005-05-19,240.48,241.17,238.27,239.18,19413500.0,0.0,1.0,120.61231867324446,120.95838695287078,119.50389708197754,119.96030597249921,19413500.0
2005-05-20,241.21,241.67,239.65,241.61,16310600.0,0.0,1.0,120.9784488821245,121.20916106854203,120.19603364123019,121.1790681746615,16310600.0
2005-05-23,243.16,258.1,242.71,255.45,42733800.0,0.0,1.0,121.95646793324237,129.44959850949934,121.73077122913824,128.12049569644168,42733800.0
2005-05-24,256.96,265.44,253.5,256.0,58028100.0,0.0,1.0,128.87783352576886,133.13096252755327,127.14247664532381,128.39634722368007,58028100.0
2005-05-25,252.73,260.98,250.63,260.81,36079600.0,0.0,1.0,126.75628450719009,130.89405741576573,125.70303322137084,130.8087942164375,36079600.0
2005-05-26,260.96,263.76,258.3,259.2,27066100.0,0.0,1.0,130.88402645113885,132.28836149889787,129.5499081557678,130.00130156397606,27066100.0
2005-05-27,260.48,266.05,259.25,266.0,24343800.0,0.0,1.0,130.64328330009448,133.4369069486722,130.0263789755432,133.41182953710506,24343800.0
2005-05-31,269.56,278.4,269.37,277.27,44429100.0,0.0,1.0,135.19734124068438,139.63102760575205,135.1020470767293,139.06427810433505,44429100.0
2005-06-01,283.2,292.89,282.02,288.0,70313000.0,0.0,1.0,142.03845911619607,146.8984614779049,141.44663220321192,144.44589062664008,70313000.0
2005-06-02,288.73,289.78,284.6,287.9,35912200.0,0.0,1.0,144.81202083552012,145.33864647842972,142.7406266400756,144.3957358035058,35912200.0
2005-06-03,286.79,289.3,277.41,280.26,37527000.0,0.0,1.0,143.83901726671567,145.09790332738532,139.13449485672302,140.56390731604913,37527000.0
2005-06-06,282.39,293.75,281.83,290.94,45006700.0,0.0,1.0,141.63220504880863,147.32979295685945,141.35133803925683,145.92044242678702,45006700.0
2005-06-07,297.1,299.59,290.3,293.12,48597300.0,0.0,1.0,149.00997953185683,150.25883462789963,145.59945155872782,147.0138175711137,48597300.0
2005-06-08,292.85,293.19,278.0,279.56,51350300.0,0.0,1.0,146.8783995486512,147.04892594730765,139.43040831321508,140.21282355410938,51350300.0
2005-06-09,284.72,288.5,280.56,286.31,32849300.0,0.0,1.0,142.8008124278367,144.69666474231133,140.71437178545187,143.59827411567124,32849300.0
2005-06-10,286.99,287.28,280.02,282.5,25367800.0,0.0,1.0,143.93932691298414,144.08477590007345,140.44353574052693,141.68737535425632,25367800.0
2005-06-13,279.82,284.19,276.52,282.75,25580700.0,0.0,1.0,140.34322609425843,142.53499186522515,138.68811693082816,141.81276241209196,25580700.0
2005-06-14,278.59,281.24,277.75,278.35,20163600.0,0.0,1.0,139.72632176970714,141.05542458276477,139.30502125537944,139.60595019418497,20163600.0
2005-06-15,275.0,277.3,267.43,274.8,41724400.0,0.0,1.0,137.92576361918756,139.07932455127533,134.12904350792485,137.82545397291906,41724400.0
2005-06-16,274.26,278.3,273.07,277.44,24899800.0,0.0,1.0,137.55461792799412,139.58087278261783,136.95777553269653,139.14954130366328,24899800.0
2005-06-17,279.0,280.3,275.9,280.3,20847900.0,0.0,1.0,139.93195654455758,140.58396924530282,138.3771570273958,140.58396924530282,20847900.0
2005-06-20,276.08,287.672,271.73,286.7,42007300.0,0.0,1.0,138.46743570903746,144.28138280675975,136.2857009026976,143.79387792589483,42007300.0
2005-06-21,288.18,290.3,284.97,287.84,30234300.0,0.0,1.0,144.53616930828173,145.59945155872782,142.9261994856723,144.36564290962525,30234300.0
2005-06-22,289.67,292.32,288.67,289.3,20927000.0,0.0,1.0,145.28347617298206,146.61257898603967,144.78192794163957,145.09790332738532,20927000.0
2005-06-23,288.0,294.81,286.5,289.71,28084600.0,0.0,1.0,144.44589062664008,147.8614340820825,143.69356827962633,145.30353810223573,28084600.0
2005-06-24,290.9,298.0,289.58,297.25,35506800.0,0.0,1.0,145.90038049753332,149.46137294006508,145.23833683216122,149.0852117665582,35506800.0
2005-06-27,298.9,304.47,293.86,304.1,35570100.0,0.0,1.0,149.91276634827332,152.70638999685107,147.38496326230714,152.52081715125433,35570100.0
2005-06-28,306.28,309.25,302.0,302.0,38034900.0,0.0,1.0,153.61419229558098,155.1037905426682,151.4675658654351,151.4675658654351,38034900.0
2005-06-29,302.5,304.38,292.15,292.72,36560800.0,0.0,1.0,151.71833998110634,152.66125065603023,146.52731578671143,146.8131982785767,36560800.0
2005-06-30,294.34,298.93,291.04,294.15,30158600.0,0.0,1.0,147.6257064133515,149.9278127952136,145.9705972499213,147.53041224939645,30158600.0
2005-07-01,295.04,296.24,289.22,291.25,18436700.0,0.0,1.0,147.97679017529128,148.57864805290228,145.05777946887795,146.0759223785032,18436700.0
2005-07-05,292.0,295.98,290.23,295.71,14973000.0,0.0,1.0,146.45208355201007,148.44824551275323,145.56434318253386,148.31282749029074,14973000.0
2005-07-06,297.3,297.6,291.38,291.525,15984500.0,0.0,1.0,149.11028917812533,149.26075364752808,146.14112364857772,146.21384814212237,15984500.0
2005-07-07,289.39,295.8,288.51,295.54,21322800.0,0.0,1.0,145.14304266820614,148.35796683111158,144.70168022462474,148.22756429096253,21322800.0
2005-07-08,296.25,297.5,294.05,296.23,14900200.0,0.0,1.0,148.5836635352157,149.21059882439383,147.4802574262622,148.57363257058887,14900200.0
2005-07-11,296.4,296.6,291.02,293.35,16763800.0,0.0,1.0,148.65889576991705,148.75920541618558,145.96056628529442,147.12917366432245,16763800.0
2005-07-12,293.39,294.4,290.93,291.784,11718000.0,0.0,1.0,147.14923559357615,147.65579930723206,145.9154269444736,146.34374913404008,11718000.0
2005-07-13,292.51,299.24,292.1,298.86,22852900.0,0.0,1.0,146.70787314999475,150.08329274692977,146.50223837514434,149.89270441901962,22852900.0
2005-07-14,305.34,306.75,300.07,300.89,21314000.0,0.0,1.0,153.14273695811903,153.84991996431197,150.49957777894406,150.9108473286449,21314000.0
2005-07-15,301.24,303.4,299.78,301.19,16859900.0,0.0,1.0,151.0863892096148,152.16973338931456,150.35412879185472,151.06131179804765,16859900.0
2005-07-18,300.0,301.9,297.75,299.54,12403100.0,0.0,1.0,150.46446940275007,151.4174110423008,149.33598588222947,150.23375721633255,12403100.0
2005-07-19,302.26,310.35,301.8,309.9,25217500.0,0.0,1.0,151.5979684055841,155.65549359714495,151.3672562191666,155.42979689304082,25217500.0
2005-07-20,305.57,312.6088,301.8,312.0,28592100.0,0.0,1.0,153.2580930513278,156.78839074210137,151.3672562191666,156.4830481788601,28592100.0
2005-07-21,314.05,317.8,311.21,313.94,39539200.0,0.0,1.0,157.51122205311222,159.3920279206466,156.0868250760995,157.45605174766453,39539200.0
2005-07-22,306.37,309.25,296.33,302.4,46726800.0,0.0,1.0,153.65933163640182,155.1037905426682,148.6237873937231,151.66818515797206,46726800.0
2005-07-25,302.39,303.29,294.96,295.85,19298200.0,0.0,1.0,151.66316967565865,152.11456308386693,147.93666631678386,148.38304424267872,19298200.0
2005-07-26,295.01,298.0,292.09,296.09,19614100.0,0.0,1.0,147.961743728351,149.46137294006508,146.49722289283088,148.5034158182009,19614100.0
2005-07-27,297.74,298.23,292.4,296.93,14421300.0,0.0,1.0,149.33097039991603,149.57672903327386,146.65270284454706,148.92471633252862,14421300.0
2005-07-28,297.2,297.41,293.28,293.5,11839300.0,0.0,1.0,149.06013435499108,149.16545948357302,147.09406528812846,147.20440589902384,11839300.0
2005-07-29,292.14,292.84,286.99,287.76,16709800.0,0.0,1.0,146.52230030439802,146.87338406633776,143.93932691298414,144.32551905111788,16709800.0
2005-08-01,288.48,292.5,288.1,291.6099,11313400.0,0.0,1.0,144.68663377768448,146.70285766768131,144.49604544977433,146.25642958696335,11313400.0
2005-08-02,291.6,299.52,291.12,299.19,14565800.0,0.0,1.0,146.2514642594731,150.22372625170567,146.01072110842867,150.05821533536266,14565800.0
2005-08-03,298.0,299.72,295.6,297.3,11849300.0,0.0,1.0,149.46137294006508,150.3240358979742,148.25765718484308,149.11028917812533,11849300.0
2005-08-04,295.55,299.0,295.25,297.73,10462500.0,0.0,1.0,148.23257977327594,149.96292117140757,148.0821153038732,149.32595491760262,10462500.0
2005-08-05,297.5,298.51,291.31,292.35,11867500.0,0.0,1.0,149.21059882439383,149.71716253804973,146.10601527238376,146.62762543297995,11867500.0
2005-08-08,293.6,295.65,290.49,291.25,8954600.0,0.0,1.0,147.2545607221581,148.2827345964102,145.6947457226829,146.0759223785032,8954600.0
2005-08-09,291.96,292.68,288.51,291.57,11547000.0,0.0,1.0,146.43202162275637,146.793136349323,144.70168022462474,146.2364178125328,11547000.0
2005-08-10,291.3,292.33,284.88,285.68,13744200.0,0.0,1.0,146.10099979007032,146.6175944683531,142.88106014485146,143.2822987299255,13744200.0
2005-08-11,285.89,286.58,280.62,284.05,15014700.0,0.0,1.0,143.3876238585074,143.7336921381337,140.74446467933242,142.4647751128372,15014700.0
2005-08-12,283.36,290.2,281.64,289.721,13158600.0,0.0,1.0,142.1187068332109,145.54929673559357,141.25604387530177,145.30905513278051,13158600.0
2005-08-15,289.98,292.77,283.77,284.0,16333000.0,0.0,1.0,145.43895612469822,146.8382756901438,142.3243416080613,142.43969770127006,16333000.0
2005-08-16,284.88,287.79,283.34,285.65,14204100.0,0.0,1.0,142.88106014485146,144.34056549805817,142.10867586858402,143.2672522829852,14204100.0
2005-08-17,285.51,286.57,284.0,285.1,7758800.0,0.0,1.0,143.19703553059725,143.7286766558203,142.43969770127006,142.99140075574684,7758800.0
2005-08-18,275.91,280.5,275.0,279.99,23721800.0,0.0,1.0,138.38217250970925,140.68427889157132,137.92576361918756,140.42848929358667,23721800.0
2005-08-19,280.99,281.45,279.62,280.0,11074700.0,0.0,1.0,140.93003752492916,141.16074971134668,140.24291644798993,140.43350477590008,11074700.0
2005-08-22,281.24,281.47,273.35,274.01,13612300.0,0.0,1.0,141.05542458276477,141.17078067597356,137.09820903747246,137.4292308701585,13612300.0
2005-08-23,276.16,279.74,274.12,279.58,11631700.0,0.0,1.0,138.5075595675449,140.30310223575103,137.48440117560617,140.22285451873623,11631700.0
2005-08-24,277.57,284.75,276.45,282.57,17169000.0,0.0,1.0,139.2147425737378,142.81585887477695,138.6530085546342,141.7224837304503,17169000.0
2005-08-25,282.55,284.0,279.97,282.59,8744400.0,0.0,1.0,141.71245276582346,142.43969770127006,140.41845832895982,141.73251469507713,8744400.0
2005-08-26,283.48,285.02,282.66,283.58,7503000.0,0.0,1.0,142.178892620972,142.9512768972394,141.76762307127115,142.22904744410621,7503000.0
2005-08-29,282.24,289.12,282.24,288.45,11794100.0,0.0,1.0,141.55697281410727,145.00762464574368,141.55697281410727,144.6715873307442,11794100.0
2005-08-30,287.22,289.51,285.88,287.27,9574400.0,0.0,1.0,144.05468300619293,145.20322845596723,143.38260837619399,144.07976041776004,9574400.0
2005-08-31,288.23,288.5,284.36,286.0,10057900.0,0.0,1.0,144.56124671984887,144.69666474231133,142.6202550645534,143.44279416395509,10057900.0
2005-09-01,285.91,287.5,285.0,286.25,5478700.0,0.0,1.0,143.39765482313427,144.19511651096883,142.9412459326126,143.5681812217907,5478700.0
2005-09-02,286.51,289.99,286.44,288.45,6862100.0,0.0,1.0,143.69858376193974,145.44397160701166,143.66347538574578,144.6715873307442,6862100.0
2005-09-06,289.0,289.39,286.8,287.11,8416100.0,0.0,1.0,144.94743885798258,145.14304266820614,143.84403274902908,143.99951270074527,8416100.0
2005-09-07,285.89,295.5,285.28,294.87,14984000.0,0.0,1.0,143.3876238585074,148.20750236170883,143.08167943738846,147.89152697596305,14984000.0
2005-09-08,294.83,299.28,293.36,295.39,13213300.0,0.0,1.0,147.87146504670935,150.10335467618347,147.1341891466359,148.15233205626114,13213300.0
2005-09-09,297.28,299.1,296.56,299.09,8772200.0,0.0,1.0,149.10025821349848,150.01307599454185,148.73914348693188,150.00806051222838,8772200.0
2005-09-12,301.75,311.42,301.0,309.74,20752200.0,0.0,1.0,151.34217880759945,156.19215020468144,150.96601763409257,155.34954917602604,20752200.0
2005-09-13,308.74,315.53,306.17,311.68,20579200.0,0.0,1.0,154.84800094468355,158.2535134354991,153.55902199013332,156.3225527448305,20579200.0
2005-09-14,308.73,313.28,300.3,303.0,22529000.0,0.0,1.0,154.8429854623701,157.12502991497846,150.61493387215285,151.9691140967776,22529000.0
2005-09-15,299.8,306.75,297.91,302.62,30901400.0,0.0,1.0,150.3641597564816,153.84991996431197,149.41623359924426,151.77852576886744,30901400.0
2005-09-16,304.02,304.5,299.87,300.2,15144400.0,0.0,1.0,152.4806932927469,152.72143644379133,150.39926813267556,150.56477904901857,15144400.0
2005-09-19,301.0,306.0,300.71,303.79,11512200.0,0.0,1.0,150.96601763409257,153.47375879080508,150.82056864700326,152.36533719953817,11512200.0
2005-09-20,306.15,311.3,305.23,307.91,18683200.0,0.0,1.0,153.54899102550644,156.13196441692034,153.08756665267137,154.43171591266926,18683200.0
2005-09-21,308.41,313.76,305.96,311.9,20219100.0,0.0,1.0,154.6824900283405,157.36577306602288,153.45369686155138,156.4328933557258,20219100.0
2005-09-22,311.49,319.22,310.17,311.37,25986700.0,0.0,1.0,156.2272585808754,160.10422640915294,155.5652149155033,156.1670727931143,25986700.0
2005-09-23,313.0,317.21,312.59,315.36,16950600.0,0.0,1.0,156.98459641020258,159.0961144641545,156.77896163535215,158.16825023617088,16950600.0
2005-09-26,319.5,320.95,312.56,314.28,19769000.0,0.0,1.0,160.24465991392884,160.97190484937545,156.7639151884119,157.62657814632098,19769000.0
2005-09-27,314.95,318.41,313.38,313.94,13732400.0,0.0,1.0,157.96261546132044,159.6979723417655,157.17518473811273,157.45605174766453,13732400.0
2005-09-28,314.22,315.1,305.6,306.0,15978800.0,0.0,1.0,157.59648525244046,158.03784769602186,153.27313949826808,153.47375879080508,15978800.0
2005-09-29,306.68,310.72,306.08,309.62,11216300.0,0.0,1.0,153.81481158811798,155.8410664427417,153.51388264931248,155.28936338826495,11216300.0
2005-09-30,314.22,317.5,312.29,316.46,18284200.0,0.0,1.0,157.59648525244046,159.24156345124382,156.62849716594943,158.71995329064762,18284200.0
2005-10-03,313.63,320.11,312.79,318.68,18302200.0,0.0,1.0,157.30057179594834,160.55060433504778,156.87927128162067,159.833390364228,18302200.0
2005-10-04,319.58,321.28,310.74,311.0,18270300.0,0.0,1.0,160.2847837724362,161.13741576571846,155.85109740736854,155.9814999475176,18270300.0
2005-10-05,312.69,314.9,308.0,310.71,16640100.0,0.0,1.0,156.8291164584864,157.93753804975333,154.47685525349007,155.83605096042825,16640100.0
2005-10-06,313.98,314.48,310.09,312.75,15971600.0,0.0,1.0,157.47611367691823,157.72688779258948,155.5250910569959,156.85920935236695,15971600.0
2005-10-07,314.79,316.67,310.54,312.99,13527000.0,0.0,1.0,157.88236774430567,158.82527841922956,155.75078776110004,156.97958092788917,13527000.0
2005-10-10,313.31,314.82,309.15,310.65,11133200.0,0.0,1.0,157.14007636191874,157.89741419124593,155.05363571953396,155.8059580665477,11133200.0
2005-10-11,311.16,312.65,304.86,306.1,17068100.0,0.0,1.0,156.0617476645324,156.8090545292327,152.90199380707463,153.52391361393933,17068100.0
2005-10-12,305.2,307.19,299.0,300.97,18593700.0,0.0,1.0,153.07252020573108,154.07060118610266,149.96292117140757,150.9509711871523,18593700.0
2005-10-13,302.0,302.0,290.685,297.44,21114200.0,0.0,1.0,151.4675658654351,151.4675658654351,145.79254762779468,149.18050593051328,21114200.0
2005-10-14,299.26,300.23,292.54,296.14,17021100.0,0.0,1.0,150.09332371155662,150.57982549595886,146.72291959693504,148.52849322976803,17021100.0
2005-10-17,297.5,305.2,294.56,305.0,15118200.0,0.0,1.0,149.21059882439383,153.07252020573108,147.7360470242469,152.97221055946258,15118200.0
2005-10-18,304.96,307.96,302.74,303.28,14141400.0,0.0,1.0,152.95214863020888,154.45679332423637,151.83871155662854,152.10954760155346,14141400.0
2005-10-19,304.0,309.87,303.96,308.7,14007300.0,0.0,1.0,152.47066232812008,155.41475044610056,152.45060039886636,154.82793901542982,14007300.0
2005-10-20,309.99,311.13,301.21,303.2,27795500.0,0.0,1.0,155.47493623386165,156.0467012175921,151.0713427626745,152.0694237430461,27795500.0
2005-10-21,345.8,346.43,333.0,339.9,45739000.0,0.0,1.0,173.4353783982366,173.75135378398238,167.01556103705258,170.47624383331583,45739000.0
2005-10-24,343.37,349.3,342.19,348.65,18844500.0,0.0,1.0,172.2166161960743,175.19079720793533,171.62478928309017,174.8647908575627,18844500.0
2005-10-25,345.78,347.4,342.86,346.91,13742800.0,0.0,1.0,173.42534743360972,174.2378555683846,171.96082659808965,173.99209693502678,13742800.0
2005-10-26,346.28,356.0,346.19,355.44,17797100.0,0.0,1.0,173.67612154928096,178.5511703579301,173.63098220846015,178.2703033483783,17797100.0
2005-10-27,356.6,357.09,351.68,353.06,10258500.0,0.0,1.0,178.85209929673562,179.0978579300934,176.3844819985305,177.07661855778315,10258500.0
2005-10-28,355.27,358.95,355.02,358.17,11795100.0,0.0,1.0,178.18504014905005,180.03073764039047,178.05965309121444,179.63953001994332,11795100.0
2005-10-31,360.24,374.75,359.51,372.14,28657100.0,0.0,1.0,180.6777348588223,187.95519969560198,180.31160464994227,186.64615881179805,28657100.0
2005-11-01,371.86,383.9,369.01,379.38,32679400.0,0.0,1.0,186.50572530702215,192.54436601238584,185.07631284769602,190.27736800671775,32679400.0
2005-11-02,381.7,385.0,377.17,379.68,21109600.0,0.0,1.0,191.44095990343234,193.0960690668626,189.16894641545082,190.4278324761205,21109600.0
2005-11-03,382.41,386.58,381.38,385.95,14881900.0,0.0,1.0,191.79705914768553,193.88851527238376,191.28046446940274,193.57253988663797,14881900.0
2005-11-04,389.72,391.79,385.45,390.43,17632100.0,0.0,1.0,195.46337671879922,196.50158155767818,193.32176577096672,195.81947596305238,17632100.0
2005-11-07,395.1,397.47,392.15,395.03,19163800.0,0.0,1.0,198.16170620342186,199.3503755117036,196.68213892096148,198.12659782722787,19163800.0
2005-11-08,394.25,395.59,388.58,389.9,15779200.0,0.0,1.0,197.73539020678072,198.40746483677967,194.89161173506875,195.55365540044085,15779200.0
2005-11-09,386.67,388.29,378.03,379.15,20912800.0,0.0,1.0,193.9336546132046,194.74616274797944,189.60027789440537,190.16201191350896,20912800.0
2005-11-10,378.36,391.35,377.43,391.1,18239100.0,0.0,1.0,189.7657888107484,196.28090033588748,189.29934895559987,196.15551327805187,18239100.0
2005-11-11,395.12,396.9,388.85,390.4,14113600.0,0.0,1.0,198.1717371680487,199.06449301983835,195.02702975753124,195.8044295161121,14113600.0
2005-11-14,392.12,398.22,391.53,396.97,15600100.0,0.0,1.0,196.66709247402122,199.72653668521048,196.3711790175291,199.09960139603234,15600100.0
2005-11-15,394.38,397.0,390.95,392.8,17232500.0,0.0,1.0,197.80059147685526,199.1146478429726,196.08028104335048,197.00814527133412,17232500.0
2005-11-16,396.2,398.85,394.11,398.15,17373000.0,0.0,1.0,198.7134092578986,200.04251207095623,197.66517345439277,199.69142830901646,17373000.0
2005-11-17,401.8,403.81,399.53,403.45,18405900.0,0.0,1.0,201.52207935341661,202.53019129841502,200.3835648682691,202.34963393513172,18405900.0
2005-11-18,403.62,404.5,399.85,400.21,14037100.0,0.0,1.0,202.43489713445996,202.87625957804136,200.54406030229873,200.72461766558203,14037100.0
2005-11-21,399.17,409.98,393.49,409.36,20649500.0,0.0,1.0,200.20300750498583,205.62474388579827,197.35421355096042,205.31378398236592,20649500.0
2005-11-22,408.65,417.31,406.23,416.47,19172800.0,0.0,1.0,204.95768473811273,209.30109242153878,203.7439380182639,208.8797919072111,19172800.0
2005-11-23,417.04,424.72,415.78,422.86,20149800.0,0.0,1.0,209.16567439907632,213.01756481578673,208.53372362758475,212.08468510548965,20149800.0
2005-11-25,425.78,428.75,425.3,428.62,9670500.0,0.0,1.0,213.54920594100975,215.03880418809698,213.30846278996538,214.97360291802246,9670500.0
2005-11-28,429.82,431.24,422.44,423.48,21994700.0,0.0,1.0,215.57546079563346,216.2876592841398,211.8740348483258,212.39564500892203,21994700.0
2005-11-29,424.14,426.4,402.14,403.54,42948600.0,0.0,1.0,212.72666684160805,213.8601658444421,201.69260575207304,202.39477327595256,42948600.0
2005-11-30,404.48,408.45,395.56,404.9125,31162000.0,0.0,1.0,202.8662286134145,204.85737509184423,198.3924183898394,203.08314822347015,31162000.0
2005-12-01,409.2,415.44,408.29,414.0901,19470300.0,0.0,1.0,205.2335362653511,208.3631972289283,204.77712737482943,207.68615727143907,19470300.0
2005-12-02,416.94,419.53,413.86,417.7,15071900.0,0.0,1.0,209.11551957594205,210.41452949511913,207.57075102340715,209.49669623176234,15071900.0
2005-12-05,417.0,417.5,404.28,405.85,20558200.0,0.0,1.0,209.1456124698226,209.39638658549387,202.76591896714598,203.55334969035374,20558200.0
2005-12-06,408.7,416.41,401.7,404.54,30220300.0,0.0,1.0,204.98276214967984,208.84969901333054,201.47192453028234,202.89632150729506,30220300.0
2005-12-07,406.16,406.7,399.01,404.22,23308400.0,0.0,1.0,203.70882964206993,203.97966568699485,200.12275978797103,202.73582607326546,23308400.0
2005-12-08,405.3,410.65,402.64,410.65,17802100.0,0.0,1.0,203.27749816311535,205.96078120079773,201.9433798677443,205.96078120079773,17802100.0
2005-12-09,415.0,415.78,408.56,409.2,15271500.0,0.0,1.0,208.1425160071376,208.53372362758475,204.91254539729192,205.2335362653511,15271500.0
2005-12-12,414.63,415.21,409.95,412.612,13886200.0,0.0,1.0,207.9569431615409,208.2478411357195,205.60969743885798,206.94481883069173,13886200.0
2005-12-13,413.0,418.0,411.64,417.49,16311200.0,0.0,1.0,207.1394195444526,209.64716070116512,206.4573139498268,209.39137110318043,16311200.0
2005-12-14,417.04,419.73,415.49,418.96,13247500.0,0.0,1.0,209.16567439907632,210.51483914138765,208.38827464049544,210.1286470032539,13247500.0
2005-12-15,419.11,423.14,416.5,422.53,12079500.0,0.0,1.0,210.20387923795528,212.22511861026555,208.89483835415135,211.91917418914662,12079500.0
2005-12-16,425.34,432.5,422.75,430.15,32628300.0,0.0,1.0,213.32852471921905,216.91961005563135,212.029514800042,215.74097171197647,32628300.0
2005-12-19,432.2,446.21,420.11,424.6,43829700.0,0.0,1.0,216.7691455862286,223.79583630733703,210.7054274692978,212.95737902802563,43829700.0
2005-12-20,427.86,432.2,424.67,429.74,20149200.0,0.0,1.0,214.59242626220217,216.7691455862286,212.9924874042196,215.53533693712606,20149200.0
2005-12-21,433.55,436.86,420.71,426.33,22421300.0,0.0,1.0,217.446235698541,219.10636034428467,211.00635640810327,213.82505746824813,22421300.0
2005-12-22,431.765,432.86,425.93,432.04,15078100.0,0.0,1.0,216.5509721055946,217.10016741891468,213.62443817571113,216.68889786921383,15078100.0
2005-12-23,432.15,432.5,428.78,430.93,9181000.0,0.0,1.0,216.74406817466146,216.91961005563135,215.05385063503724,216.13217933242365,9181000.0
2005-12-27,431.86,431.86,422.76,424.64,13392100.0,0.0,1.0,216.59861918757218,216.59861918757218,212.0345302823554,212.9774409572793,13392100.0
2005-12-28,424.12,427.78,421.26,426.69,14221500.0,0.0,1.0,212.7166358769812,214.55230240369474,211.28220793534166,214.00561483153143,14221500.0
2005-12-29,427.98,428.73,419.17,420.15,13877700.0,0.0,1.0,214.65261204996327,215.02877322347015,210.23397213183586,210.72548939855147,13877700.0
2005-12-30,417.27,418.21,413.74,414.86,15159000.0,0.0,1.0,209.28103049228508,209.75248582974703,207.51056523564606,208.07229925474965,15159000.0
2006-01-03,422.52,435.67,418.22,435.23,26216100.0,0.0,1.0,211.9141587068332,218.5095179489871,209.75750131206047,218.2888367271964,26216100.0
2006-01-04,443.9,448.96,439.75,445.24,30542200.0,0.0,1.0,222.63725989293584,225.1750939435289,220.5558347328645,223.30933452293482,30542200.0
2006-01-05,446.0,451.55,441.5,451.24,21594900.0,0.0,1.0,223.69051117875512,226.474103862706,221.43354413771385,226.31862391098983,21594900.0
2006-01-06,456.87,470.5,453.24,465.66,35478200.0,0.0,1.0,229.1423404534481,235.97844284664637,227.32172037367482,233.5509494069487,35478200.0
2006-01-09,466.15,473.4,460.94,466.9001,25558200.0,0.0,1.0,233.7967080403065,237.43293271753961,231.18364175501208,234.1729193686365,25558200.0
2006-01-10,464.42,470.25,462.04,469.76,18176000.0,0.0,1.0,232.929029600084,235.85305578881074,231.73534480948882,235.60729715545293,18176000.0
2006-01-11,471.27,475.11,469.18,471.63,17996700.0,0.0,1.0,236.36463498478008,238.2905801931353,235.31639918127428,236.5451923480634,17996700.0
2006-01-12,473.72,474.99,461.5,463.63,20230300.0,0.0,1.0,237.59342815156924,238.2303944053742,231.46450876456387,232.5328064973234,20230300.0
2006-01-13,464.31,466.89,461.61,466.25,15297800.0,0.0,1.0,232.8738592946363,234.16785373149995,231.51967907001156,233.84686286344075,15297800.0
2006-01-17,464.21,469.9,462.53,467.11,16524000.0,0.0,1.0,232.82370447150203,235.67751390784088,231.98110344284663,234.2781943423953,16524000.0
2006-01-18,447.3,457.36,443.25,444.9099,40930400.0,0.0,1.0,224.34252387950036,229.38809908680594,222.31125354256324,223.14377345176865,40930400.0
2006-01-19,451.17,453.49,433.0,436.445,29045500.0,0.0,1.0,226.28351553479584,227.44710743151046,217.1703841713026,218.89821782827752,29045500.0
2006-01-20,437.5,440.03,394.74,399.4601,82151100.0,0.0,1.0,219.42735121234386,220.69626823764037,197.98114884013856,200.3485066468983,82151100.0
2006-01-23,407.38,428.39,405.73,427.5,45437300.0,0.0,1.0,204.32071848430775,214.85824682481368,203.49316390259264,214.41186889891887,45437300.0
2006-01-24,436.03,444.95,434.48,443.03,30898200.0,0.0,1.0,218.69007531227038,223.16388553584548,217.91267555368952,222.2009129316679,30898200.0
2006-01-25,451.26,454.23,429.22,433.0,37442100.0,0.0,1.0,226.32865487561665,227.8182531227039,215.27453185682796,217.1703841713026,37442100.0
2006-01-26,439.54,439.99,423.56,434.265,25826300.0,0.0,1.0,220.4505096042826,220.6762063083867,212.4357688674294,217.80484268395088,25826300.0
2006-01-27,435.22,438.22,428.98,433.49,16887400.0,0.0,1.0,218.28382124488297,219.7884659389105,215.15416028130576,217.41614280466044,16887400.0
2006-01-30,429.39,433.28,425.0,426.82,17160600.0,0.0,1.0,215.35979505615617,217.3108176760785,213.1579983205626,214.07081610160597,17160600.0
2006-01-31,430.66,439.6,423.973,432.6601,44087800.0,0.0,1.0,215.9967613099612,220.48060249816314,212.64290828697386,216.9999079274693,44087800.0
2006-02-01,389.86,402.0,387.52,401.78,54190700.0,0.0,1.0,195.53359347118715,201.6223889996851,194.3599706098457,201.51204838878974,54190700.0
2006-02-02,403.93,406.5,395.98,396.04,23591700.0,0.0,1.0,202.59037708617615,203.87935604072635,198.60306864700325,198.6331615408838,23591700.0
2006-02-03,393.79,393.9,372.57,381.555,36527000.0,0.0,1.0,197.5046780203632,197.55984832581083,186.8618245512753,191.3682354098877,36527000.0
2006-02-06,385.25,389.9,379.56,385.1,17862900.0,0.0,1.0,193.22145612469822,195.55365540044085,190.3676466883594,193.14622388999686,17862900.0
2006-02-07,383.14,383.7,363.345,367.92,33227100.0,0.0,1.0,192.16318935656554,192.44405636611734,182.23504211714078,184.5296252755327,33227100.0
2006-02-08,368.24,370.69,354.67,369.08,41566500.0,0.0,1.0,184.6901207095623,185.9189138763514,177.88411121024458,185.11142122388998,41566500.0
2006-02-09,371.45,374.4,356.11,358.77,23800900.0,0.0,1.0,186.3000905321717,187.7796578146321,178.60634066337778,179.94045895874882,23800900.0
2006-02-10,362.0,364.5,353.14,362.61,30416500.0,0.0,1.0,181.5604597459851,182.81433032434134,177.11674241629055,181.86640416710404,30416500.0
2006-02-13,344.3,350.6,341.89,345.7,39396100.0,0.0,1.0,172.68305605122285,175.8428099086806,171.47432481368742,173.38522357510234,39396100.0
2006-02-14,345.3,351.69,342.4,343.32,29278600.0,0.0,1.0,173.18460428256535,176.38949748084391,171.73011441167208,172.19153878450717,29278600.0
2006-02-15,341.4,346.0,337.83,342.38,25868100.0,0.0,1.0,171.22856618032958,173.5356880445051,169.43803899443685,171.72008344704523,25868100.0
2006-02-16,345.86,367.0,344.49,366.46,42588300.0,0.0,1.0,173.46547129211714,184.06820090269758,172.7783502151779,183.79736485777264,42588300.0
2006-02-17,369.99,372.14,363.62,368.75,28611700.0,0.0,1.0,185.56783011441166,186.64615881179805,182.37296788075994,184.94591030754697,28611700.0
2006-02-21,366.32,373.54,365.11,366.59,17354600.0,0.0,1.0,183.72714810538469,187.34832633567757,183.12027474546028,183.86256612784715,17354600.0
2006-02-22,367.15,368.95,363.86,365.49,12939400.0,0.0,1.0,184.14343313739897,185.04621995381547,182.49333945628214,183.31086307337043,12939400.0
2006-02-23,365.41,381.24,365.39,378.07,25078000.0,0.0,1.0,183.27073921486303,191.2102477170148,183.26070825023618,189.62033982365907,25078000.0
2006-02-24,377.3,380.07,373.49,377.4,12955600.0,0.0,1.0,189.23414768552536,190.62343628634406,187.32324892411043,189.28430250865958,12955600.0
2006-02-27,381.2,391.7,380.28,390.375,20403900.0,0.0,1.0,191.1901857877611,196.45644221685734,190.728761414926,195.79189081032854,20403900.0
2006-02-28,392.65,397.54,338.51,362.62,78796300.0,0.0,1.0,196.93291303663273,199.38548388789758,169.77909179174975,181.87141964941745,78796300.0
2006-03-01,369.0,369.45,361.3,364.8,24098200.0,0.0,1.0,185.0712973653826,185.29699406948671,181.20937598404535,182.9647947937441,24098200.0
2006-03-02,364.42,381.1,362.2,376.45,36623900.0,0.0,1.0,182.77420646583394,191.14003096462687,181.6607693922536,188.80783168888422,36623900.0
2006-03-03,384.3,387.24,375.76,378.18,23900000.0,0.0,1.0,192.74498530492286,194.2195371050698,188.46176340925788,189.67551012910675,23900000.0
2006-03-06,380.66,383.4,367.14,368.1,17861500.0,0.0,1.0,190.91934974283618,192.2935918967146,184.13841765508553,184.61990395717436,17861500.0
2006-03-07,364.42,368.45,358.15,364.45,20736800.0,0.0,1.0,182.77420646583394,184.79544583814422,179.62949905531644,182.7892529127742,20736800.0
2006-03-08,353.78,360.03,350.5411,353.88,23467700.0,0.0,1.0,177.43773328434972,180.57240973024037,175.8132687178545,177.487888107484,23467700.0
2006-03-09,355.47,358.53,341.5,343.0,27792900.0,0.0,1.0,178.28534979531858,179.8200873832266,171.27872100346383,172.0310433504776,27792900.0
2006-03-10,343.5,344.5,331.55,337.5,38612500.0,0.0,1.0,172.28181746614885,172.78336569749135,166.28831610160597,169.27252807809384,38612500.0
2006-03-13,339.72,346.1,335.45,337.06,27257500.0,0.0,1.0,170.3859651516742,173.58584286763934,168.2443542038417,169.05184685630314,27257500.0
2006-03-14,336.59,352.37,332.62,351.16,36864400.0,0.0,1.0,168.81611918757216,176.7305502781568,166.82497270914243,176.1236769182324,36864400.0
2006-03-15,350.87,352.3,340.53,344.5,25512000.0,0.0,1.0,175.97822793114307,176.69544190196285,170.7922192190616,172.78336569749135,25512000.0
2006-03-16,348.7,348.75,337.9,338.77,20013300.0,0.0,1.0,174.88986826912983,174.91494568069697,169.47314737063084,169.9094943318988,20013300.0
2006-03-17,338.94,341.78,334.93,339.79,17086200.0,0.0,1.0,169.99475753122704,171.41915450823973,167.9835491235436,170.42107352786817,17086200.0
2006-03-20,342.01,350.09,341.54,348.19,20794300.0,0.0,1.0,171.53451060144852,175.5870203106959,171.29878293271756,174.63407867114518,20794300.0
2006-03-21,349.97,351.66,339.08,339.92,19642500.0,0.0,1.0,175.52683452293482,176.37445103390365,170.064974283615,170.48627479794268,19642500.0
2006-03-22,339.91,344.1,337.5,340.22,15176800.0,0.0,1.0,170.48125931562927,172.58274640495435,169.27252807809384,170.63673926734546,15176800.0
2006-03-23,342.27,345.75,340.2,341.89,14854500.0,0.0,1.0,171.66491314159757,173.41030098666945,170.62670830271858,171.47432481368742,14854500.0
2006-03-24,368.52,370.09,362.51,365.8,30330800.0,0.0,1.0,184.83055421433818,185.6179849375459,181.81624934396976,183.4663430250866,30330800.0
2006-03-27,367.25,371.71,365.0,369.69,14033300.0,0.0,1.0,184.19358796053322,186.43049307232076,183.0651044400126,185.4173656450089,14033300.0
2006-03-28,372.0,377.86,371.17,377.2,17873700.0,0.0,1.0,186.5759420594101,189.51501469507716,186.15965702739584,189.18399286239108,17873700.0
2006-03-29,380.0,399.0,379.51,394.98,38016900.0,0.0,1.0,190.5883279101501,200.1177443056576,190.34256927679226,198.10152041566076,38016900.0
2006-03-30,389.22,393.5,383.61,388.44,29393900.0,0.0,1.0,195.21260260312798,197.35922903327386,192.39891702529653,194.8213949826808,29393900.0
2006-03-31,388.75,391.87,384.03,390.0,72969700.0,0.0,1.0,194.976874934397,196.54170541618558,192.60956728246038,195.6038102235751,72969700.0
2006-04-03,389.75,392.47,387.93,389.7,16229100.0,0.0,1.0,195.47842316573949,196.8426343549911,194.56560538469614,195.45334575417235,16229100.0
2006-04-04,390.0,404.9,388.14,404.34,31399900.0,0.0,1.0,195.6038102235751,203.07687887057835,194.67093051327805,202.79601186102656,31399900.0
2006-04-05,407.7,414.57,402.82,407.99,26794100.0,0.0,1.0,204.48121391833735,207.92685026766034,202.03365854938596,204.62666290542668,26794100.0
2006-04-06,407.0,413.89,405.43,411.18,17179800.0,0.0,1.0,204.1301301563976,207.58579747034742,203.3426994331899,206.22660176340926,17179800.0
2006-04-07,412.56,412.85,404.02,406.16,14037700.0,0.0,1.0,206.9187383226619,207.06418730975125,202.63551642699696,203.70882964206993,14037700.0
2006-04-10,407.61,417.17,405.25,416.38,18621500.0,0.0,1.0,204.43607457751654,209.23087566915083,203.25242075154824,208.83465256639025,18621500.0
2006-04-11,416.38,419.1,406.22,409.66,22192100.0,0.0,1.0,208.83465256639025,210.19886375564187,203.73892253595048,205.46424845176867,22192100.0
2006-04-12,409.15,411.33,405.19,408.95,12021900.0,0.0,1.0,205.20845885378398,206.30183399811062,203.2223278576677,205.10814920751548,12021900.0
2006-04-13,408.81,409.76,400.5,402.16,13092600.0,0.0,1.0,205.03793245512753,205.5144032749029,200.87006665267134,201.7026367166999,13092600.0
2006-04-17,403.78,412.5,400.84,406.82,16502400.0,0.0,1.0,202.51514485147473,206.88864542878136,201.0405930513278,204.03985147475595,16502400.0
2006-04-18,407.54,409.83,401.5,404.24,16258900.0,0.0,1.0,204.40096620132257,205.54951165109688,201.37161488401387,202.7458570378923,16258900.0
2006-04-19,412.37,413.64,406.73,410.5,13549800.0,0.0,1.0,206.82344415870685,207.4604104125118,203.99471213393514,205.88554896609637,13549800.0
2006-04-20,411.9,436.99,408.2,415.0,24518400.0,0.0,1.0,206.58771648997583,219.1715616143592,204.7319880340086,208.1425160071376,24518400.0
2006-04-21,450.0,450.72,436.17,437.1,45057400.0,0.0,1.0,225.6967041041251,226.05781883069173,218.76029206465836,219.22673191980687,45057400.0
2006-04-24,439.34,444.7,436.52,440.5,17655100.0,0.0,1.0,220.35019995801406,223.03849847800987,218.93583394562822,220.93199590637136,17655100.0
2006-04-25,439.43,441.04,426.0,427.16,19118800.0,0.0,1.0,220.3953392988349,221.20283195129633,213.65954655190512,214.24134250026242,19118800.0
2006-04-26,428.7,430.04,423.53,425.97,14541000.0,0.0,1.0,215.01372677652986,215.6858014065288,212.4207224204891,213.64450010496486,14541000.0
2006-04-27,422.77,426.91,419.39,420.03,16659100.0,0.0,1.0,212.03954576466882,214.1159554424268,210.34431274273118,210.66530361079037,16659100.0
2006-04-28,417.73,425.73,416.3,417.94,14827700.0,0.0,1.0,209.51174267870263,213.52412852944263,208.79452870788288,209.61706780728457,14827700.0
2006-05-01,417.85,419.44,398.55,398.9,20701600.0,0.0,1.0,209.57192846646376,210.36939015429832,199.8920476015535,200.06758948252335,20701600.0
2006-05-02,401.0,402.49,388.4,394.8,26182300.0,0.0,1.0,201.12084076834262,201.86814763304292,194.8013330534271,198.0112417340191,26182300.0
2006-05-03,396.55,401.5,390.88,394.17,16128200.0,0.0,1.0,198.8889511388685,201.37161488401387,196.0451726671565,197.69526634827335,16128200.0
2006-05-04,395.03,398.87,392.21,394.75,9294600.0,0.0,1.0,198.12659782722787,200.05254303558308,196.71223181484203,197.98616432245197,9294600.0
2006-05-05,397.6,400.68,391.78,394.3,12117800.0,0.0,1.0,199.41557678177813,200.96034533431302,196.49656607536474,197.76046761834786,12117800.0
2006-05-08,395.11,397.12,390.05,394.78,10226900.0,0.0,1.0,198.1667216857353,199.1748336307337,195.62888763514223,198.00121076939223,10226900.0
2006-05-09,395.7,409.0,393.75,408.8,18262900.0,0.0,1.0,198.46263514222736,205.13322661908262,197.48461609110947,205.03291697281412,18262900.0
2006-05-10,408.31,411.71,401.86,402.98,12362000.0,0.0,1.0,204.78715833945628,206.49242232602077,201.55217224729716,202.11390626640076,12362000.0
2006-05-11,403.42,404.71,384.98,387.0,17767800.0,0.0,1.0,202.33458748819146,202.98158470662327,193.08603810223576,194.0991655295476,17767800.0
2006-05-12,383.5,384.87,373.55,374.13,20155000.0,0.0,1.0,192.34374671984884,193.03086779678807,187.35334181799098,187.64423979216963,20155000.0
2006-05-15,375.93,380.15,368.25,376.2,17163000.0,0.0,1.0,188.54702660858612,190.66356014485146,184.69513619187572,188.68244463104858,17163000.0
2006-05-16,375.99,376.86,369.89,371.3,12969200.0,0.0,1.0,188.57711950246667,189.01346646373466,185.5176752912774,186.22485829747035,12969200.0
2006-05-17,370.61,379.84,370.22,374.5,21266300.0,0.0,1.0,185.87879001784404,190.5080801931353,185.68318620762045,187.82981263776634,21266300.0
2006-05-18,378.78,381.81,370.71,370.99,11658300.0,0.0,1.0,189.97643906791222,191.49613020888003,185.92894484097826,186.0693783457542,11658300.0
2006-05-19,373.28,374.5,360.57,370.02,22773600.0,0.0,1.0,187.2179237955285,187.82981263776634,180.84324577516531,185.58287656135192,22773600.0
2006-05-22,367.85,373.03,365.25,370.95,17191500.0,0.0,1.0,184.49451689933872,187.09253673769285,183.19049149784823,186.04931641650046,17191500.0
2006-05-23,374.21,383.88,373.56,375.58,17948000.0,0.0,1.0,187.684363650677,192.534335047759,187.3583573003044,188.37148472761623,17948000.0
2006-05-24,377.35,383.44,371.61,381.25,19088400.0,0.0,1.0,189.2592250970925,192.3136538259683,186.38033824918654,191.21526319932823,19088400.0
2006-05-25,379.08,383.0,372.31,382.99,16372800.0,0.0,1.0,190.126903537315,192.0929726041776,186.73142201112628,192.08795712186418,16372800.0
2006-05-26,384.55,385.88,380.03,381.35,7326600.0,0.0,1.0,192.87037236275847,193.537431510444,190.60337435709036,191.26541802246248,7326600.0
2006-05-30,378.28,381.0,371.45,371.94,8623300.0,0.0,1.0,189.72566495224098,191.0898761414926,186.3000905321717,186.54584916552955,8623300.0
2006-05-31,373.8022,378.25,366.78,371.82,15946600.0,0.0,1.0,187.47983228193556,189.71061850530072,183.95786029180223,186.48566337776845,15946600.0
2006-06-01,373.54,382.99,371.6,382.62,12543400.0,0.0,1.0,187.34832633567757,192.08795712186418,186.3753227668731,191.90238427626744,12543400.0
2006-06-02,386.84,387.08,377.45,379.44,12760000.0,0.0,1.0,194.01891781253278,194.139289388055,189.30937992022672,190.3074609005983,12760000.0
2006-06-05,376.18,381.45,374.15,374.44,11105800.0,0.0,1.0,188.67241366642176,191.3155728455967,187.65427075679645,187.7997197438858,11105800.0
2006-06-06,376.585,390.0,376.3,389.99,20499000.0,0.0,1.0,188.87554070011544,195.6038102235751,188.73259945418286,195.59879474126168,20499000.0
2006-06-07,393.24,394.86,386.5,386.51,17804700.0,0.0,1.0,197.2288264931248,198.04133462789966,193.84839141387636,193.85340689618977,17804700.0
2006-06-08,387.75,394.27,378.59,393.3,20698200.0,0.0,1.0,194.47532670305446,197.74542117140757,189.88114490395716,197.25891938700536,20698200.0
2006-06-09,392.19,395.43,387.25,388.2904,12302600.0,0.0,1.0,196.70220085021518,198.3272171197649,194.22455258738322,194.74636336727195,12302600.0
2006-06-12,386.85,390.49,381.0,381.54,10028100.0,0.0,1.0,194.02393329484624,195.84956885693293,191.0898761414926,191.36071218641757,10028100.0
2006-06-13,380.9,387.0,378.12,386.525,15302800.0,0.0,1.0,191.03972131835835,194.0991655295476,189.6454172352262,193.8609301196599,15302800.0
2006-06-14,389.83,391.1,378.52,384.39,15528400.0,0.0,1.0,195.51854702424686,196.15551327805187,189.8460365277632,192.79012464574367,15528400.0
2006-06-15,386.62,392.25,383.0,391.0,13557800.0,0.0,1.0,193.90857720163746,196.73229374409573,192.0929726041776,196.1053584549176,13557800.0
2006-06-16,389.1,390.93,388.0,390.7,10598500.0,0.0,1.0,195.15241681536688,196.07025007872363,194.6007137608901,195.95489398551484,10598500.0
2006-06-19,390.85,394.8,386.98,388.14,15250900.0,0.0,1.0,196.03012622021623,198.0112417340191,194.08913456492076,194.67093051327805,15250900.0
2006-06-20,388.03,391.87,386.51,387.17,8071700.0,0.0,1.0,194.61576020783036,196.54170541618558,193.85340689618977,194.18442872887584,8071700.0
2006-06-21,391.06,404.0,389.75,402.13,17471300.0,0.0,1.0,196.13545134879814,202.6254854623701,195.47842316573949,201.68759026975962,17471300.0
2006-06-22,401.58,406.0,388.0,399.95,11811900.0,0.0,1.0,201.41173874252124,203.6285819250551,194.6007137608901,200.59421512543298,11811900.0
2006-06-23,402.76,409.75,400.74,404.86,10618900.0,0.0,1.0,202.0035656555054,205.50938779258948,200.99043822819357,203.05681694132466,10618900.0
2006-06-26,406.75,408.3,403.25,404.22,7095200.0,0.0,1.0,204.004743098562,204.78214285714287,202.24932428886322,202.73582607326546,7095200.0
2006-06-27,405.71,408.0,401.01,402.32,8205900.0,0.0,1.0,203.48313293796576,204.6316783877401,201.12585625065603,201.7828844337147,8205900.0
2006-06-28,404.01,406.48,401.13,406.11,7413500.0,0.0,1.0,202.63050094468352,203.86932507609953,201.18604203841713,203.6837522305028,7413500.0
2006-06-29,407.99,418.2,405.82,417.81,13303000.0,0.0,1.0,204.62666290542668,209.7474703474336,203.53830324341345,209.55186653721003,13303000.0
2006-06-30,415.6,419.33,412.33,419.33,12503400.0,0.0,1.0,208.44344494594313,210.31421984885063,206.80338222945312,210.31421984885063,12503400.0
2006-07-03,420.04,423.77,419.45,423.2,4309000.0,0.0,1.0,210.6703190931038,212.5410939960113,210.37440563661173,212.2552115041461,4309000.0
2006-07-05,421.52,422.8,415.64,421.46,9961200.0,0.0,1.0,211.4126104754907,212.0545922116091,208.4635068751968,211.38251758161016,9961200.0
2006-07-06,423.375,425.38,421.98,423.19,7366800.0,0.0,1.0,212.34298244463105,213.34858664847275,211.64332266190826,212.2501960218327,7366800.0
2006-07-07,426.05,427.89,415.88,420.45,12071700.0,0.0,1.0,213.68462396347223,214.60747270914243,208.583878450719,210.87595386795422,12071700.0
2006-07-10,423.44,425.23,416.38,418.2,8863900.0,0.0,1.0,212.3755830796683,213.2733544137714,208.83465256639025,209.7474703474336,8863900.0
2006-07-11,418.505,425.05,413.03,424.56,11930600.0,0.0,1.0,209.90044255799307,213.18307573212974,207.15446599139287,212.9373170987719,11930600.0
2006-07-12,422.09,422.74,416.73,417.25,9803500.0,0.0,1.0,211.69849296735592,212.02449931772856,209.01019444736013,209.27099952765823,9803500.0
2006-07-13,414.0,418.34,406.83,408.83,13835100.0,0.0,1.0,207.6409677757951,209.81768709982154,204.04486695706936,205.04796341975438,13835100.0
2006-07-14,410.33,411.49,398.61,403.5,15089000.0,0.0,1.0,205.80028576676813,206.38208171512542,199.92214049543404,202.37471134669886,15089000.0
2006-07-17,404.625,411.0,403.72,407.89,11612100.0,0.0,1.0,202.93895310695916,206.1363230817676,202.4850519575942,204.57650808229243,11612100.0
2006-07-18,409.75,410.57,397.74,403.05,17056500.0,0.0,1.0,205.50938779258948,205.92065734229033,199.48579353416605,202.14901464259475,17056500.0
2006-07-19,395.01,401.14,394.66,399.0,17019900.0,0.0,1.0,198.11656686260102,201.19105752073054,197.94102498163116,200.1177443056576,17019900.0
2006-07-20,404.28,404.44,385.66,387.12,25052300.0,0.0,1.0,202.76591896714598,202.8461666841608,193.42709089954866,194.1593513173087,25052300.0
2006-07-21,386.14,391.75,377.69,390.108,23485600.0,0.0,1.0,193.66783405059306,196.48151962842448,189.42975149574892,195.6579774325601,23485600.0
2006-07-24,392.82,393.89,381.21,390.9,16156000.0,0.0,1.0,197.01817623596094,197.55483284349742,191.1952012700745,196.05520363178334,16156000.0
2006-07-25,385.02,391.31,383.8,389.36,11510600.0,0.0,1.0,193.10610003148943,196.26083840663378,192.49421118925162,195.2828193555159,11510600.0
2006-07-26,388.2,391.91,383.0,385.5,11052700.0,0.0,1.0,194.7010234071586,196.56176734543928,192.0929726041776,193.34684318253386,11052700.0
2006-07-27,387.37,387.49,377.95,382.4,11270900.0,0.0,1.0,194.28473837514431,194.34492416290544,189.56015403589797,191.7920436653721,11270900.0
2006-07-28,382.0,389.56,381.73,388.12,8159000.0,0.0,1.0,191.5914243728351,195.3831290017844,191.45600635037263,194.6608995486512,8159000.0
2006-07-31,388.0,389.17,383.31,386.6,9181400.0,0.0,1.0,194.6007137608901,195.18752519156084,192.24845255589378,193.8985462370106,9181400.0
2006-08-01,385.11,385.77,375.51,375.51,10915400.0,0.0,1.0,193.15123937231027,193.48226120499632,188.33637635142227,188.33637635142227,10915400.0
2006-08-02,375.6,377.17,365.2,367.23,14181400.0,0.0,1.0,188.3815156922431,189.16894641545082,183.1654140862811,184.18355699590637,14181400.0
2006-08-03,364.98,377.91,363.36,375.39,12641300.0,0.0,1.0,183.05507347538577,189.5400921066443,182.2425653406109,188.27619056366117,12641300.0
2006-08-04,379.56,380.68,371.75,373.85,10180200.0,0.0,1.0,190.3676466883594,190.929380707463,186.4505550015745,187.50380628739373,10180200.0
2006-08-07,371.5,379.73,371.15,377.95,7885900.0,0.0,1.0,186.32516794373885,190.45290988768764,186.14962606276896,189.56015403589797,7885900.0
2006-08-08,382.82,384.5,379.09,381.0,11474900.0,0.0,1.0,192.00269392253594,192.84529495119136,190.1319190196284,191.0898761414926,11474900.0
2006-08-09,382.8,384.68,376.36,376.94,8613300.0,0.0,1.0,191.99266295790912,192.935573632833,188.7626923480634,189.05359032224206,8613300.0
2006-08-10,373.88,377.67,372.46,374.2,8515200.0,0.0,1.0,187.518852734334,189.4197205311221,186.80665424582764,187.6793481683636,8515200.0
2006-08-11,373.88,375.28,368.0,368.5,7525400.0,0.0,1.0,187.518852734334,188.22102025821349,184.5697491340401,184.82052324971136,7525400.0
2006-08-14,371.5,375.13,368.67,369.43,9926600.0,0.0,1.0,186.32516794373885,188.14578802351213,184.90578644903957,185.28696310485986,9926600.0
2006-08-15,374.11,381.6699,372.6,380.97,13383000.0,0.0,1.0,187.63420882754278,191.42586330166893,186.87687099821562,191.07482969455234,13383000.0
2006-08-16,383.48,388.45,382.12,387.72,11694600.0,0.0,1.0,192.33371575522202,194.8264104649942,191.6516101605962,194.4602802561142,11694600.0
2006-08-17,386.39,390.0,383.92,385.8,10150200.0,0.0,1.0,193.79322110842867,195.6038102235751,192.55439697701271,193.4973076519366,10150200.0
2006-08-18,386.31,387.09,380.75,383.36,9894400.0,0.0,1.0,193.75309724992127,194.14430487036842,190.96448908365699,192.27352996746092,9894400.0
2006-08-21,378.1,379.0,375.22,377.3,8038500.0,0.0,1.0,189.63538627059935,190.0867796788076,188.19092736433296,189.23414768552536,8038500.0
2006-08-22,377.7341,379.26,374.84,378.29,8319800.0,0.0,1.0,189.45186977275114,190.21718221895665,188.0003390364228,189.73068043455444,8319800.0
2006-08-23,377.64,378.27,372.66,373.43,7277300.0,0.0,1.0,189.40467408418178,189.72064946992757,186.90696389209617,187.29315603022988,7277300.0
2006-08-24,374.44,376.4,372.26,373.73,6958000.0,0.0,1.0,187.7997197438858,188.78275427731708,186.70634459955915,187.44362049963263,6958000.0
2006-08-25,373.08,375.32,372.5,373.26,4928400.0,0.0,1.0,187.11761414926,188.24108218746719,186.82671617508134,187.20789283090164,4928400.0
2006-08-28,375.61,380.95,375.0,380.95,8319600.0,0.0,1.0,188.38653117455652,191.06479872992546,188.0805867534376,191.06479872992546,8319600.0
2006-08-29,380.78,382.32,377.2,378.95,8911000.0,0.0,1.0,190.97953553059725,191.7519198068647,189.18399286239108,190.06170226724046,8911000.0
2006-08-30,379.21,384.65,378.51,380.75,8080700.0,0.0,1.0,190.1921048073895,192.92052718589272,189.84102104544976,190.96448908365699,8080700.0
2006-08-31,381.4941,382.15,378.2,378.53,5913800.0,0.0,1.0,191.33769112259893,191.66665660753645,189.6855410937336,189.85105201007661,5913800.0
2006-09-01,380.995,381.28,377.19,378.6,5340400.0,0.0,1.0,191.0873684003359,191.2303096462685,189.17897738007767,189.8861603862706,5340400.0
2006-09-05,379.87,385.4,377.44,384.36,8140400.0,0.0,1.0,190.5231266400756,193.29668835939958,189.3043644379133,192.7750781988034,8140400.0
2006-09-06,382.1,383.19,379.66,380.14,7440700.0,0.0,1.0,191.64157919596937,192.18826676813268,190.41780151149365,190.65854466253805,7440700.0
2006-09-07,379.39,381.75,377.4,378.49,7676300.0,0.0,1.0,190.28238348903116,191.46603731499948,189.28430250865958,189.83099008082291,7676300.0
2006-09-08,376.72,380.79,376.72,377.85,6160600.0,0.0,1.0,188.9432497113467,190.98455101291069,188.9432497113467,189.50999921276374,6160600.0
2006-09-11,378.26,384.69,377.77,384.09,9049300.0,0.0,1.0,189.71563398761415,192.94058911514642,189.46987535425632,192.63966017634093,9049300.0
2006-09-12,385.0,392.73,384.88,391.9,10873500.0,0.0,1.0,193.0960690668626,196.97303689514013,193.0358832791015,196.55675186312584,10873500.0
2006-09-13,395.15,406.76,395.1,406.57,19516800.0,0.0,1.0,198.18678361498897,204.0097585808754,198.16170620342186,203.91446441692034,19516800.0
2006-09-14,404.3,406.28,401.93,403.98,10721400.0,0.0,1.0,202.77594993177286,203.769015429831,201.58728062349113,202.61545449774326,10721400.0
2006-09-15,407.48,410.05,406.74,409.88,15660700.0,0.0,1.0,204.37087330744203,205.65985226199223,203.99972761624855,205.57458906266402,15660700.0
2006-09-18,410.0,418.69,409.47,414.69,14199100.0,0.0,1.0,205.63477485042512,209.99322898079143,205.3689542878136,207.98703605542144,14199100.0
2006-09-19,415.46,415.49,392.74,403.81,28557200.0,0.0,1.0,208.37322819355515,208.38827464049544,196.97805237745357,202.53019129841502,28557200.0
2006-09-20,407.1,407.39,394.62,397.0,18277300.0,0.0,1.0,204.18028497953188,204.3257339666212,197.92096305237746,199.1146478429726,18277300.0
2006-09-21,400.3,408.45,399.86,406.85,21362800.0,0.0,1.0,200.76975700640287,204.85737509184423,200.54907578461217,204.05489792169624,21362800.0
2006-09-22,404.98,407.45,401.36,403.78,9289900.0,0.0,1.0,203.11700272908575,204.35582686050174,201.30139813162592,202.51514485147473,9289900.0
2006-09-25,405.58,409.45,402.5,403.98,11463100.0,0.0,1.0,203.41793166789125,205.35892332318673,201.87316311535636,202.61545449774326,11463100.0
2006-09-26,405.5,407.68,401.77,406.87,10568200.0,0.0,1.0,203.37780780938385,204.4711829537105,201.50703290647633,204.0649288863231,10568200.0
2006-09-27,406.3,411.22,402.37,402.92,11741600.0,0.0,1.0,203.77904639445785,206.24666369266296,201.80796184528182,202.0838133725202,11741600.0
2006-09-28,404.08,406.98,400.54,403.58,10204500.0,0.0,1.0,202.6656093208775,204.12009919177078,200.89012858192507,202.41483520520626,10204500.0
2006-09-29,405.125,405.62,401.41,401.9,6615100.0,0.0,1.0,203.1897272226304,203.43799359714495,201.32647554319306,201.57223417655084,6615100.0
2006-10-02,401.9,406.0,400.8,401.44,7296400.0,0.0,1.0,201.57223417655084,203.6285819250551,201.02053112207412,201.34152199013332,7296400.0
2006-10-03,401.29,406.46,398.19,404.04,10918400.0,0.0,1.0,201.26628975543193,203.85929411147265,199.7114902382702,202.6455473916238,10918400.0
2006-10-04,404.97,415.77,403.05,415.7,13310200.0,0.0,1.0,203.11198724677234,208.52870814527134,202.14901464259475,208.49359976907735,13310200.0
2006-10-05,414.7,418.24,410.86,411.81,11568000.0,0.0,1.0,207.99205153773485,209.76753227668732,206.06610632937966,206.54257714915502,11568000.0
2006-10-06,410.22,421.91,409.7501,420.5,14658300.0,0.0,1.0,205.74511546132047,211.6082142857143,205.5094379474126,210.90103127952136,14658300.0
2006-10-09,424.8,431.95,423.42,429.0,15151400.0,0.0,1.0,213.05768867429413,216.643758528393,212.36555211504148,215.1641912459326,15151400.0
2006-10-10,431.56,437.85,422.39,426.65,19557600.0,0.0,1.0,216.4481547181694,219.60289309331375,211.84895743675867,213.98555290227773,19557600.0
2006-10-11,425.02,429.91,423.76,426.5,11259500.0,0.0,1.0,213.16802928518945,215.6206001364543,212.5360785136979,213.91032066757637,11259500.0
2006-10-12,428.56,429.68,424.0,427.44,9678300.0,0.0,1.0,214.94351002414191,215.5052440432455,212.6564500892201,214.38177600503832,9678300.0
2006-10-13,427.76,429.5,425.56,427.3,7237700.0,0.0,1.0,214.54227143906792,215.41496536160386,213.43886533011442,214.31155925265037,7237700.0
2006-10-16,427.7,429.2,421.34,421.75,8630100.0,0.0,1.0,214.51217854518737,215.2645008922011,211.32233179384906,211.5279665686995,8630100.0
2006-10-17,420.3,423.75,416.702,420.64,10411500.0,0.0,1.0,210.80072163325286,212.5310630313845,208.99615109688256,210.9712480319093,10411500.0
2006-10-18,422.995,424.75,417.5,419.31,12022500.0,0.0,1.0,212.1523941167209,213.032611262727,209.39638658549387,210.30418888422378,12022500.0
2006-10-19,420.23,454.91,419.57,426.06,22983900.0,0.0,1.0,210.7656132570589,228.1593059200168,210.43459142437283,213.68963944578567,22983900.0
2006-10-20,458.99,460.1,453.59,459.67,23272500.0,0.0,1.0,230.2056227038942,230.76234124068438,227.49726225464468,230.5466755012071,23272500.0
2006-10-23,462.28,484.64,460.37,480.78,30178700.0,0.0,1.0,231.855716385011,243.0703348378293,230.89775926314684,241.13435866484727,30178700.0
2006-10-24,476.28,477.86,471.41,473.31,17303000.0,0.0,1.0,238.877391623806,239.66983782932718,236.43485173716806,237.3877933767188,17303000.0
2006-10-25,477.49,488.5,475.11,486.601,18356600.0,0.0,1.0,239.48426498373044,245.00631101081137,238.2905801931353,244.05387091949197,18356600.0
2006-10-26,487.68,491.96,484.2,485.1,14049300.0,0.0,1.0,244.59504146111053,246.7416678912564,242.8496536160386,243.30104702424688,14049300.0
2006-10-27,483.901,485.24,472.49,475.2,13194700.0,0.0,1.0,242.69969069486723,243.37126377663483,236.97652382701796,238.3357195339561,13194700.0
2006-10-30,474.82,480.46,470.01,476.57,13113000.0,0.0,1.0,238.14513120604596,240.97386323081767,235.73268421328854,239.02284061089534,13113000.0
2006-10-31,478.06,482.16,473.84,476.39,12558200.0,0.0,1.0,239.77014747559568,241.82649522409994,237.6536139393303,238.9325619292537,12558200.0
2006-11-01,478.755,479.13,465.26,467.5,10841700.0,0.0,1.0,240.11872349637872,240.30680408313214,233.35033011441166,234.47379815261888,10841700.0
2006-11-02,467.5,473.73,466.38,469.91,10462900.0,0.0,1.0,234.47379815261888,237.59844363388265,233.91206413351526,235.68252939015431,10462900.0
2006-11-03,472.23,473.75,465.0615,471.798,9805500.0,0.0,1.0,236.8461212868689,237.6084745985095,233.2507727904902,236.62945245092894,9805500.0
2006-11-06,473.77,479.66,472.33,476.95,9973000.0,0.0,1.0,237.61850556313635,240.5726246457437,236.89627611000313,239.2134289388055,9973000.0
2006-11-07,476.955,479.02,471.77,472.57,9784400.0,0.0,1.0,239.2159366799622,240.25163377768448,236.61540910045133,237.01664768552536,9784400.0
2006-11-08,470.35,481.74,468.6,475.0,15914000.0,0.0,1.0,235.903210611945,241.61584496693607,235.02550120709563,238.23540988768764,15914000.0
2006-11-09,476.5,479.49,471.86,472.63,9748600.0,0.0,1.0,238.98773223470138,240.48736144641546,236.66054844127217,237.0467405794059,9748600.0
2006-11-10,473.78,474.72,470.29,473.55,5587800.0,0.0,1.0,237.62352104544976,238.09497638291174,235.87311771806446,237.508164952241,5587800.0
2006-11-13,474.9,481.17,474.14,481.03,8675100.0,0.0,1.0,238.18525506455336,241.32996247507086,237.80407840873306,241.25974572268288,8675100.0
2006-11-14,480.7,489.95,480.5,489.3,14432300.0,0.0,1.0,241.09423480633987,245.733555946258,240.99392516007137,245.40754959588537,14432300.0
2006-11-15,493.43,499.85,491.93,491.93,16724600.0,0.0,1.0,247.4789437913299,250.69888343654875,246.72662144431615,246.72662144431615,16724600.0
2006-11-16,495.0,497.68,492.56,495.9,10175000.0,0.0,1.0,248.26637451453763,249.61052377453552,247.04259683006194,248.71776792274588,10175000.0
2006-11-17,493.25,499.66,493.0,498.79,11010900.0,0.0,1.0,247.38866510968825,250.6035892725937,247.26327805185264,250.1672423113257,11010900.0
2006-11-20,498.4,498.4,492.65,495.05,10238700.0,0.0,1.0,249.97163850110212,249.97163850110212,247.08773617088275,248.29145192610477,10238700.0
2006-11-21,496.54,510.0,495.83,509.65,16838100.0,0.0,1.0,249.03875879080508,255.78959798467514,248.6826595465519,255.61405610370525,16838100.0
2006-11-22,510.97,513.0,505.78,508.01,8992300.0,0.0,1.0,256.27609976907735,257.29424267870263,253.67306444840978,254.79151700430356,8992300.0
2006-11-24,504.5,507.5,504.0,505.0,3461900.0,0.0,1.0,253.03108271229138,254.53572740631887,252.78030859662013,253.28185682796263,3461900.0
2006-11-27,501.37,501.78,484.75,484.75,14634700.0,0.0,1.0,251.46123674818935,251.66687152303976,243.125505143277,243.125505143277,14634700.0
2006-11-28,481.13,489.86,477.03,489.5,15579600.0,0.0,1.0,241.30990054581716,245.6884166054372,239.2535527973129,245.50785924215387,15579600.0
2006-11-29,494.24,494.74,482.25,484.65,12617900.0,0.0,1.0,247.88519785871733,248.13597197438858,241.87163456492075,243.07535032014275,12617900.0
2006-11-30,484.19,490.4,481.55,484.81,11143800.0,0.0,1.0,242.8446381337252,245.95925265036212,241.520550802981,243.15559803715755,11143800.0
2006-12-01,485.98,488.39,478.5,480.8,11251500.0,0.0,1.0,243.74240946782828,244.95114070536368,239.99082869738638,241.14438962947412,11251500.0
2006-12-04,483.0,487.43,479.35,484.85,9790000.0,0.0,1.0,242.2477957384276,244.46965440327492,240.4171446940275,243.17565996641127,9790000.0
2006-12-05,487.4,489.44,484.89,487.0,8197700.0,0.0,1.0,244.45460795633463,245.47776634827332,243.19572189566495,244.25398866379763,8197700.0
2006-12-06,486.96,492.4,484.52,488.71,8891600.0,0.0,1.0,244.23392673454393,246.9623491130471,243.0101490500682,245.11163613939328,8891600.0
2006-12-07,490.23,491.8,482.42,482.64,9319200.0,0.0,1.0,245.8739894510339,246.66142017424164,241.956897764249,242.0672383751443,9319200.0
2006-12-08,481.94,488.6,480.0,484.11,7941800.0,0.0,1.0,241.71615461320457,245.05646583394565,240.74315104440012,242.8045142752178,7941800.0
2006-12-11,484.92,488.9,483.8,483.93,6520200.0,0.0,1.0,243.21076834260523,245.20693030334837,242.64903432350164,242.71423559357615,6520200.0
2006-12-12,483.85,486.36,480.28,481.78,8353600.0,0.0,1.0,242.67411173506875,243.93299779573843,240.88358454917602,241.63590689618977,8353600.0
2006-12-13,484.69,485.5,477.02,478.99,9314800.0,0.0,1.0,243.09541224939645,243.50166631678388,239.24853731499945,240.23658733074421,9314800.0
2006-12-14,480.25,483.75,477.26,482.12,9488300.0,0.0,1.0,240.86853810223576,242.6239569119345,239.36890889052168,241.80643329484622,9488300.0
2006-12-15,482.635,484.11,479.84,480.3,10371200.0,0.0,1.0,242.0647306339876,242.8045142752178,240.66290332738532,240.89361551380287,10371200.0
2006-12-18,482.505,482.74,460.72,462.8,16017100.0,0.0,1.0,241.9995293639131,242.1173931982786,231.07330114411673,232.11652146530912,16017100.0
2006-12-19,461.72,469.31,458.5,468.63,13160800.0,0.0,1.0,231.57484937545922,235.3816004513488,229.95986407053638,235.0405476540359,13160800.0
2006-12-20,470.0,471.5,462.33,462.9,8726800.0,0.0,1.0,235.72766873097513,236.47999107798887,231.88079379657813,232.16667628844337,8726800.0
2006-12-21,464.185,465.25,452.3405,456.2,13892600.0,0.0,1.0,232.8111657657185,233.34531463209825,226.87057773958225,228.8063031384486,13892600.0
2006-12-22,457.5,458.64,452.73,455.58,7968600.0,0.0,1.0,229.45831583919386,230.0300808229243,227.06593077569016,228.49534323501626,7968600.0
2006-12-26,456.52,459.47,454.59,457.53,4144400.0,0.0,1.0,228.9667985724782,230.44636585493862,227.99881048598718,229.47336228613412,4144400.0
2006-12-27,460.0,468.08,459.1,468.03,8454500.0,0.0,1.0,230.71218641755013,234.7646961267975,230.26079300934188,234.7396187152304,8454500.0
2006-12-28,467.12,468.58,462.25,462.56,6226100.0,0.0,1.0,234.28320982470873,235.01547024246875,231.84066993807073,231.99614988978692,6226100.0
2006-12-29,462.1,464.47,459.86,460.48,5113200.0,0.0,1.0,231.76543770336937,232.9541070116511,230.64196966516218,230.95292956859453,5113200.0
2007-01-03,466.0,476.66,461.11,467.59,15397500.0,0.0,1.0,233.7214758056051,239.06797995171618,231.26890495434031,234.5189374934397,15397500.0
2007-01-04,469.0,483.95,468.35,483.26,15759400.0,0.0,1.0,235.22612049963263,242.724266558203,234.90011414926002,242.37819827857666,15759400.0
2007-01-05,482.5,487.5,478.11,487.19,13730400.0,0.0,1.0,241.99702162275636,244.50476277946888,239.79522488716282,244.3492828277527,13730400.0
2007-01-08,487.69,489.87,482.2,483.58,9499200.0,0.0,1.0,244.60005694342397,245.6934320877506,241.84655715335361,242.53869371260626,9499200.0
2007-01-09,485.45,488.25,481.2,485.5,10752000.0,0.0,1.0,243.47658890521674,244.88092395297576,241.34500892201112,243.50166631678388,10752000.0
2007-01-10,484.43,493.55,482.04,489.46,11925000.0,0.0,1.0,242.9650097092474,247.539129579091,241.76630943633884,245.48779731290017,11925000.0
2007-01-11,497.2,501.75,496.18,499.72,14401900.0,0.0,1.0,249.36978062349112,251.6518250760995,248.85820142752178,250.63368216647424,14401900.0
2007-01-12,501.99,505.0,500.0,505.0,8938400.0,0.0,1.0,251.7721966516217,253.28185682796263,250.77411567125014,253.28185682796263,8938400.0
2007-01-16,507.55,513.0,503.3,504.28,15122600.0,0.0,1.0,254.560804817886,257.29424267870263,252.42922483468038,252.92074210139603,15122600.0
2007-01-17,503.395,507.77,494.38,497.28,13384800.0,0.0,1.0,252.4768719166579,254.67114542878136,247.95541461110528,249.40990448199852,13384800.0
2007-01-18,494.52,496.48,487.43,487.83,11852100.0,0.0,1.0,248.02563136349323,249.00866589692453,244.46965440327492,244.6702736958119,11852100.0
2007-01-19,487.98,490.76,486.74,489.75,9946600.0,0.0,1.0,244.74550593051327,246.13981001364542,244.12358612364858,245.6332462999895,9946600.0
2007-01-22,492.5,492.65,478.5,480.84,10797700.0,0.0,1.0,247.0125039361814,247.08773617088275,239.99082869738638,241.16445155872782,10797700.0
2007-01-23,480.79,484.75,477.29,479.05,9321600.0,0.0,1.0,241.1393741471607,243.125505143277,239.38395533746197,240.26668022462476,9321600.0
2007-01-24,484.445,499.54,483.29,499.07,12106400.0,0.0,1.0,242.97253293271754,250.5434034848326,242.39324472551695,250.3076758161016,12106400.0
2007-01-25,501.0,504.5,485.66,488.09,12724200.0,0.0,1.0,251.27566390259264,253.03108271229138,243.58191403379868,244.80067623596094,12724200.0
2007-01-26,490.93,497.9,487.03,495.84,10982000.0,0.0,1.0,246.22507321297365,249.72086438543087,244.2690351107379,248.68767502886533,10982000.0
2007-01-29,498.0,498.75,490.5,492.47,9541800.0,0.0,1.0,249.77101920856512,250.147180382072,246.00940747349637,246.99745748924113,9541800.0
2007-01-30,494.0,498.0,491.22,494.32,8352600.0,0.0,1.0,247.76482628319513,249.77101920856512,246.370522200063,247.92532171722473,8352600.0
2007-01-31,496.49,505.0,495.51,501.5,24387700.0,0.0,1.0,249.01368137923797,253.28185682796263,248.5221641125223,251.5264380182639,24387700.0
2007-02-01,506.0,506.01,481.53,481.75,31286000.0,0.0,1.0,253.78340505930512,253.78842054161856,241.51051983835413,241.6208604492495,31286000.0
2007-02-02,482.61,485.0,477.81,481.5,12560400.0,0.0,1.0,242.05219192820405,243.25089220111263,239.64476041776004,241.49547339141387,12560400.0
2007-02-05,477.5,478.0,466.19,467.16,14399300.0,0.0,1.0,239.48928046604388,239.74005458171513,233.8167699695602,234.30327175396243,14399300.0
2007-02-06,468.1,473.3,467.26,471.48,10633100.0,0.0,1.0,234.77472709142438,237.3827778944054,234.35342657709666,236.46996011336202,10633100.0
2007-02-07,473.82,474.35,468.78,470.01,8231300.0,0.0,1.0,237.64358297470346,237.909403537315,235.11577988873725,235.73268421328854,8231300.0
2007-02-08,468.05,473.75,465.15,471.03,8145200.0,0.0,1.0,234.74964967985724,237.6084745985095,233.29515980896397,236.24426340925788,8145200.0
2007-02-09,471.65,472.68,461.5,461.89,9707400.0,0.0,1.0,236.55522331269023,237.07181799097302,231.46450876456387,231.66011257478743,9707400.0
2007-02-12,460.68,462.39,455.02,458.29,11497400.0,0.0,1.0,231.05323921486303,231.91088669045868,228.21447622546447,229.85453894195444,11497400.0
2007-02-13,459.155,462.78,457.26,459.1,8117000.0,0.0,1.0,230.2883781620657,232.10649050068227,229.33794426367166,230.26079300934188,8117000.0
2007-02-14,460.0,469.13,459.22,465.93,11386200.0,0.0,1.0,230.71218641755013,235.29132176970714,230.32097879710298,233.68636742941115,11386200.0
2007-02-15,466.0,466.13,460.72,461.47,8076700.0,0.0,1.0,233.7214758056051,233.78667707567965,231.07330114411673,231.4494623176236,8076700.0
2007-02-16,462.8,470.15,462.06,469.94,12341600.0,0.0,1.0,232.11652146530912,235.80290096567649,231.74537577411567,235.69757583709458,12341600.0
2007-02-20,468.47,472.75,464.71,472.1,8127000.0,0.0,1.0,234.96029993702112,237.106926367167,233.07447858717327,236.7809200167944,8127000.0
2007-02-21,469.84,478.68,467.74,475.86,11269900.0,0.0,1.0,235.6474210139603,240.08110737902803,234.59416972814108,238.66674136664219,11269900.0
2007-02-22,478.69,484.24,474.39,475.85,11476300.0,0.0,1.0,240.08612286134144,242.86971554529234,237.9294654665687,238.66172588432877,11476300.0
2007-02-23,475.75,476.95,467.8,470.62,7757400.0,0.0,1.0,238.6115710611945,239.2134289388055,234.62426262202163,236.03862863440747,7757400.0
2007-02-26,472.83,475.25,463.75,464.93,7931800.0,0.0,1.0,237.14705022567438,238.36079694552325,232.5929922850845,233.18481919806865,7931800.0
2007-02-27,455.0,459.8,447.17,448.77,18606900.0,0.0,1.0,228.20444526083762,230.61187677128163,224.27732260942585,225.07979977957385,18606900.0
2007-02-28,450.41,453.67,443.04,449.45,16048500.0,0.0,1.0,225.90233887897554,227.5373861131521,222.20592841398133,225.42085257688674,16048500.0
2007-03-01,442.67,452.42,440.0,448.23,17353000.0,0.0,1.0,222.0203555683846,226.91045082397397,220.6812217907001,224.8089637346489,17353000.0
2007-03-02,445.11,448.7,438.68,438.68,13154000.0,0.0,1.0,223.2441332528603,225.04469140337986,220.019178125328,220.019178125328,13154000.0
